qpagent38,0154GY250000000001ZB
qpagent38,0154GY250000000019KH
qpagent38,0154GY250000000019KJ
qpagent38,0154GY250000000004AE
qpagent38,0154GY25000000000JQV
qpagent38,0154GY250000000013DB
qpagent38,0154GY250000000013D5
qpagent38,0154GY250000000013D8
qpagent38,0154GY250000000013DA
qpagent38,0154GY2500000000139Z
qpagent38,0154GY250000000013D3
qpagent38,0154GY250000000013D6
qpagent38,0154GY2500000000130S
qpagent38,0154GY25000000000J0O
qpagent38,0154GY25000000000SI3
qpagent38,0154GY25000000000K6U
qpagent38,0154GY25000000000S1H
qpagent38,0154GY2500000000139N
qpagent38,0154GY25000000000SVY
qpagent38,0154GY25000000000CL0
qpagent38,0154GY25000000000SIC
qpagent38,0154GY250000000001WA
qpagent38,0154GY25000000000XV7
qpagent38,0154GY250000000004CJ
qpagent38,0154GY25000000000SIJ
qpagent38,0154GY25000000000SI4
qpagent38,0154GY25000000000SVX
qpagent38,0154GY250000000005M9
qpagent38,0154GY25000000000SVZ
qpagent38,0154GY2500000000139Y
qpagent38,0154GY25000000000SI2
qpagent38,0154GY250000000011EE
qpagent38,0154GY25000000000SDC
qpagent38,0154GY25000000000E9H
qpagent38,0154GY25000000000D9K
qpagent38,0154GY25000000000J3A
qpagent38,0154GY25000000000R91
qpagent38,0154GY25000000000SW1
qpagent38,0154GY250000000019KI
qpagent38,0154GY250000000001TS
qpagent38,0154GY250000000019KP
qpagent38,0154GY25000000000ZOP
qpagent38,0154GY250000000019KF
qpagent38,0154GY2500000000154A
qpagent38,0154GY2500000000023C
qpagent38,0154GY25000000000SW2
qpagent38,0154GY250000000013A0
qpagent38,0154GY250000000004BC
qpagent38,0154GY250000000012KY
qpagent38,0154GY25000000000X6T
qpagent38,0154GY2500000000139O
qpagent38,0154GY25000000000ZOM
qpagent38,0154GY2500000000020Q
qpagent38,0154GY25000000000ZOQ
qpagent38,0154GY25000000000WXR
qpagent38,0154GY25000000000JY0
qpagent38,0154GY25000000000VIH
qpagent38,0154GY2500000000139J
qpagent38,0154GY25000000000SIE
qpagent38,0154GY25000000000SVW
qpagent38,0154GY250000000019KO
qpagent38,0154GY250000000019KN
qpagent38,0154GY250000000012JO
qpagent38,0154GY2500000000139M
qpagent38,0154GY25000000000DXU
qpagent38,0154GY25000000000JWJ
qpagent38,0154GY25000000000ZOO
qpagent38,0154GY2500000000139R
qpagent38,0154GY25000000000220
qpagent38,0154GY25000000000YY9
qpagent38,0154GY250000000019KM
qpagent38,0154GY25000000000SIG
qpagent38,0154GY250000000013D7
qpagent38,0154GY25000000000JT3
qpagent38,0154GY250000000013D9
qpagent38,0154GY250000000013D4
qpagent38,0154GY25000000000SW0
qpagent38,0154GY25000000000ZOS
qpagent38,0154GY25000000000KL4
qpagent38,0154GY250000000019KE
qpagent38,0154GY250000000019KK
qpagent38,0154GY25000000000KL3
qpagent38,0154GY25000000000ZOR
qpagent38,0154GY25000000000SI7
qpagent38,0154GY250000000019KG
qpagent38,0154GY250000000019KL
qpagent38,0154GY250000000009FG
qpagent38,0154GY25000000000SIA
qpagent38,0154GY25000000000SI9
qpagent38,0154GY2500000000139X
qpagent38,0154GY25000000000YD3
qpagent38,0154GY2500000000085T
