qpagent38,0154GY250000000001ZB
qpagent38,0154GY250000000019KH
qpagent38,0154GY250000000019KJ
qpagent38,0154GY250000000004AE
qpagent38,0154GY25000000000JQV
qpagent38,0154GY250000000013DB
qpagent38,0154GY250000000013D5
qpagent38,0154GY250000000013D8
qpagent38,0154GY250000000013DA
qpagent38,0154GY2500000000139Z
qpagent38,0154GY250000000013D3
qpagent38,0154GY250000000013D6
qpagent38,0154GY2500000000130S
qpagent38,0154GY25000000000J0O
qpagent38,0154GY25000000000SI3
qpagent38,0154GY25000000000K6U
qpagent38,0154GY25000000000S1H
qpagent38,0154GY2500000000139N
qpagent38,0154GY25000000000SVY
qpagent38,0154GY25000000000CL0
qpagent38,0154GY25000000000SIC
qpagent38,0154GY250000000001WA
qpagent38,0154GY25000000000XV7
qpagent38,0154GY250000000004CJ
qpagent38,0154GY25000000000SIJ
qpagent38,0154GY25000000000SI4
qpagent38,0154GY25000000000SVX
qpagent38,0154GY250000000005M9
qpagent38,0154GY25000000000SVZ
qpagent38,0154GY2500000000139Y
qpagent38,0154GY25000000000SI2
qpagent38,0154GY250000000011EE
qpagent38,0154GY25000000000SDC
qpagent38,0154GY25000000000E9H
qpagent38,0154GY25000000000D9K
qpagent38,0154GY25000000000J3A
qpagent38,0154GY25000000000R91
qpagent38,0154GY25000000000SW1
qpagent38,0154GY250000000019KI
qpagent38,0154GY250000000001TS
qpagent38,0154GY250000000019KP
qpagent38,0154GY25000000000ZOP
qpagent38,0154GY250000000019KF
qpagent38,0154GY2500000000154A
qpagent38,0154GY2500000000023C
qpagent38,0154GY25000000000SW2
qpagent38,0154GY250000000013A0
qpagent38,0154GY250000000004BC
qpagent38,0154GY250000000012KY
qpagent38,0154GY25000000000X6T
qpagent38,0154GY2500000000139O
qpagent38,0154GY25000000000ZOM
qpagent38,0154GY2500000000020Q
qpagent38,0154GY25000000000ZOQ
qpagent38,0154GY25000000000WXR
qpagent38,0154GY25000000000JY0
qpagent38,0154GY25000000000VIH
qpagent38,0154GY2500000000139J
qpagent38,0154GY25000000000SIE
qpagent38,0154GY25000000000SVW
qpagent38,0154GY250000000019KO
qpagent38,0154GY250000000019KN
qpagent38,0154GY250000000012JO
qpagent38,0154GY2500000000139M
qpagent38,0154GY25000000000DXU
qpagent38,0154GY25000000000JWJ
qpagent38,0154GY25000000000ZOO
qpagent38,0154GY2500000000139R
qpagent38,0154GY25000000000220
qpagent38,0154GY25000000000YY9
qpagent38,0154GY250000000019KM
qpagent38,0154GY25000000000SIG
qpagent38,0154GY250000000013D7
qpagent38,0154GY25000000000JT3
qpagent38,0154GY250000000013D9
qpagent38,0154GY250000000013D4
qpagent38,0154GY25000000000SW0
qpagent38,0154GY25000000000ZOS
qpagent38,0154GY25000000000KL4
qpagent38,0154GY250000000019KE
qpagent38,0154GY250000000019KK
qpagent38,0154GY25000000000KL3
qpagent38,0154GY25000000000ZOR
qpagent38,0154GY25000000000SI7
qpagent38,0154GY250000000019KG
qpagent38,0154GY250000000019KL
qpagent38,0154GY250000000009FG
qpagent38,0154GY25000000000SIA
qpagent38,0154GY25000000000SI9
qpagent38,0154GY2500000000139X
qpagent38,0154GY25000000000YD3
qpagent38,0154GY2500000000085T
qpagent39,0154GZ250000000013FS
qpagent39,0154GZ25000000000ZRH
qpagent39,0154GZ250000000019G0
qpagent39,0154GZ25000000000CMP
qpagent39,0154GZ250000000019HY
qpagent39,0154GZ250000000013CJ
qpagent39,0154GZ2500000000035M
qpagent39,0154GZ25000000000JTT
qpagent39,0154GZ250000000012NF
qpagent39,0154GZ250000000019MX
qpagent39,0154GZ250000000019MU
qpagent39,0154GZ250000000012N7
qpagent39,0154GZ25000000000ZRG
qpagent39,0154GZ25000000000ZRD
qpagent39,0154GZ250000000019N3
qpagent39,0154GZ250000000013FQ
qpagent39,0154GZ25000000000ZRF
qpagent39,0154GZ250000000012LX
qpagent39,0154GZ25000000000SKQ
qpagent39,0154GZ250000000015ZH
qpagent39,0154GZ25000000000SYF
qpagent39,0154GZ25000000000SYM
qpagent39,0154GZ250000000019MW
qpagent39,0154GZ250000000001TP
qpagent39,0154GZ25000000000JZF
qpagent39,0154GZ250000000019NF
qpagent39,0154GZ250000000019NA
qpagent39,0154GZ25000000000SYK
qpagent39,0154GZ25000000000RZO
qpagent39,0154GZ250000000013CD
qpagent39,0154GZ25000000000ZRE
qpagent39,0154GZ25000000000SKU
qpagent39,0154GZ25000000000SYD
qpagent39,0154GZ250000000019NC
qpagent39,0154GZ25000000000SYL
qpagent39,0154GZ250000000019NG
qpagent39,0154GZ2500000000197I
qpagent39,0154GZ250000000019N5
qpagent39,0154GZ250000000004BJ
qpagent39,0154GZ25000000000SKO
qpagent39,0154GZ250000000005MM
qpagent39,0154GZ2500000000023A
qpagent39,0154GZ250000000013FU
qpagent39,0154GZ250000000019ND
qpagent39,0154GZ250000000019N0
qpagent39,0154GZ25000000000YA7
qpagent39,0154GZ250000000004CP
qpagent39,0154GZ25000000000SYG
qpagent39,0154GZ25000000000TT4
qpagent39,0154GZ250000000019N6
qpagent39,0154GZ250000000013C4
qpagent39,0154GZ250000000013C2
qpagent39,0154GZ25000000000SKN
qpagent39,0154GZ25000000000FAK
qpagent39,0154GZ25000000000SKX
qpagent39,0154GZ250000000019MT
qpagent39,0154GZ250000000019NB
qpagent39,0154GZ25000000000X7K
qpagent39,0154GZ250000000019MZ
qpagent39,0154GZ25000000000SKY
qpagent39,0154GZ25000000000ZRJ
qpagent39,0154GZ25000000000UFP
qpagent39,0154GZ25000000000SYI
qpagent39,0154GZ250000000013CB
qpagent39,0154GZ250000000013FT
qpagent39,0154GZ25000000000SYJ
qpagent39,0154GZ250000000019N9
qpagent39,0154GZ250000000000XM
qpagent39,0154GZ25000000000SYH
qpagent39,0154GZ250000000001XX
qpagent39,0154GZ250000000013FR
qpagent39,0154GZ25000000000UYL
qpagent39,0154GZ250000000019MM
qpagent39,0154GZ25000000000KNY
qpagent39,0154GZ250000000019MN
qpagent39,0154GZ250000000019NE
qpagent39,0154GZ250000000019MV
qpagent39,0154GZ250000000019MY
qpagent39,0154GZ250000000019N4
qpagent39,0154GZ250000000013CC
qpagent39,0154GZ25000000000H9L
qpagent39,0154GZ25000000000VPA
qpagent39,0154GZ250000000019MS
qpagent39,0154GZ250000000013FN
qpagent39,0154GZ2500000000021X
qpagent39,0154GZ250000000019MQ
qpagent39,0154GZ25000000000ZR9
qpagent39,0154GZ25000000000ZRI
qpagent39,0154GZ250000000019N7
qpagent39,0154GZ25000000000TGP
qpagent39,0154GZ250000000006X0
qpagent39,0154GZ2500000000086U
qpagent39,0154GZ25000000000ZRC
qpagent39,0154GZ250000000019N1
qpagent39,0154GZ250000000019N8
qpagent39,0154GZ250000000019N2
qpagent39,0154GZ250000000013FM
qpagent39,0154GZ25000000000SKV
qpagent39,0154GZ25000000000SL0
qpagent39,0154GZ25000000000ZR8
qpagent39,0154GZ25000000000K9P
qpagent39,0154GZ250000000019NH
qpagent39,0154GZ250000000019MR
qpagent39,0154GZ250000000013CE
qpagent39,0154GZ250000000013FO
qpagent39,0154GZ25000000000RBP
qpagent39,0154GZ25000000000QU7
qpagent39,0154GZ25000000000VBZ
qpagent39,0154GZ250000000013FP
qpagent39,0154GZ25000000000SL2
qpagent39,0154GZ25000000000ZRK
qpagent39,0154GZ250000000013CI
qpagent39,0154GZ250000000013CH
qpagent39,0154GZ25000000000RQP

