qpagent39,0154GZ250000000013FS
qpagent39,0154GZ25000000000ZRH
qpagent39,0154GZ250000000019G0
qpagent39,0154GZ25000000000CMP
qpagent39,0154GZ250000000019HY
qpagent39,0154GZ250000000013CJ
qpagent39,0154GZ2500000000035M
qpagent39,0154GZ25000000000JTT
qpagent39,0154GZ250000000012NF
qpagent39,0154GZ250000000019MX
qpagent39,0154GZ250000000019MU
qpagent39,0154GZ250000000012N7
qpagent39,0154GZ25000000000ZRG
qpagent39,0154GZ25000000000ZRD
qpagent39,0154GZ250000000019N3
qpagent39,0154GZ250000000013FQ
qpagent39,0154GZ25000000000ZRF
qpagent39,0154GZ250000000012LX
qpagent39,0154GZ25000000000SKQ
qpagent39,0154GZ250000000015ZH
qpagent39,0154GZ25000000000SYF
qpagent39,0154GZ25000000000SYM
qpagent39,0154GZ250000000019MW
qpagent39,0154GZ250000000001TP
qpagent39,0154GZ25000000000JZF
qpagent39,0154GZ250000000019NF
qpagent39,0154GZ250000000019NA
qpagent39,0154GZ25000000000SYK
qpagent39,0154GZ25000000000RZO
qpagent39,0154GZ250000000013CD
qpagent39,0154GZ25000000000ZRE
qpagent39,0154GZ25000000000SKU
qpagent39,0154GZ25000000000SYD
qpagent39,0154GZ250000000019NC
qpagent39,0154GZ25000000000SYL
qpagent39,0154GZ250000000019NG
qpagent39,0154GZ2500000000197I
qpagent39,0154GZ250000000019N5
qpagent39,0154GZ250000000004BJ
qpagent39,0154GZ25000000000SKO
qpagent39,0154GZ250000000005MM
qpagent39,0154GZ2500000000023A
qpagent39,0154GZ250000000013FU
qpagent39,0154GZ250000000019ND
qpagent39,0154GZ250000000019N0
qpagent39,0154GZ25000000000YA7
qpagent39,0154GZ250000000004CP
qpagent39,0154GZ25000000000SYG
qpagent39,0154GZ25000000000TT4
qpagent39,0154GZ250000000019N6
qpagent39,0154GZ250000000013C4
qpagent39,0154GZ250000000013C2
qpagent39,0154GZ25000000000SKN
qpagent39,0154GZ25000000000FAK
qpagent39,0154GZ25000000000SKX
qpagent39,0154GZ250000000019MT
qpagent39,0154GZ250000000019NB
qpagent39,0154GZ25000000000X7K
qpagent39,0154GZ250000000019MZ
qpagent39,0154GZ25000000000SKY
qpagent39,0154GZ25000000000ZRJ
qpagent39,0154GZ25000000000UFP
qpagent39,0154GZ25000000000SYI
qpagent39,0154GZ250000000013CB
qpagent39,0154GZ250000000013FT
qpagent39,0154GZ25000000000SYJ
qpagent39,0154GZ250000000019N9
qpagent39,0154GZ250000000000XM
qpagent39,0154GZ25000000000SYH
qpagent39,0154GZ250000000001XX
qpagent39,0154GZ250000000013FR
qpagent39,0154GZ25000000000UYL
qpagent39,0154GZ250000000019MM
qpagent39,0154GZ25000000000KNY
qpagent39,0154GZ250000000019MN
qpagent39,0154GZ250000000019NE
qpagent39,0154GZ250000000019MV
qpagent39,0154GZ250000000019MY
qpagent39,0154GZ250000000019N4
qpagent39,0154GZ250000000013CC
qpagent39,0154GZ25000000000H9L
qpagent39,0154GZ25000000000VPA
qpagent39,0154GZ250000000019MS
qpagent39,0154GZ250000000013FN
qpagent39,0154GZ2500000000021X
qpagent39,0154GZ250000000019MQ
qpagent39,0154GZ25000000000ZR9
qpagent39,0154GZ25000000000ZRI
qpagent39,0154GZ250000000019N7
qpagent39,0154GZ25000000000TGP
qpagent39,0154GZ250000000006X0
qpagent39,0154GZ2500000000086U
qpagent39,0154GZ25000000000ZRC
qpagent39,0154GZ250000000019N1
qpagent39,0154GZ250000000019N8
qpagent39,0154GZ250000000019N2
qpagent39,0154GZ250000000013FM
qpagent39,0154GZ25000000000SKV
qpagent39,0154GZ25000000000SL0
qpagent39,0154GZ25000000000ZR8
qpagent39,0154GZ25000000000K9P
qpagent39,0154GZ250000000019NH
qpagent39,0154GZ250000000019MR
qpagent39,0154GZ250000000013CE
qpagent39,0154GZ250000000013FO
qpagent39,0154GZ25000000000RBP
qpagent39,0154GZ25000000000QU7
qpagent39,0154GZ25000000000VBZ
qpagent39,0154GZ250000000013FP
qpagent39,0154GZ25000000000SL2
qpagent39,0154GZ25000000000ZRK
qpagent39,0154GZ250000000013CI
qpagent39,0154GZ250000000013CH
qpagent39,0154GZ25000000000RQP
