job_name,username
iics_perf_job_april27_1_itr1_586205288,qaperf_schd_1
iics_perf_job_april28_1_itr1_143690032,qaperf_schd_1
iics_perf_job_april28_1_itr2_48444897,qaperf_schd_1
iics_perf_job_Aug11_itr2_2_476644643,qaperf_schd_1
iics_perf_job_aug18_itr1_test3_685691349,qaperf_schd_1
iics_perf_job_Aug31_itr1_10_955853685,qaperf_schd_1
iics_perf_job_Aug9_itr3_3_733706750,qaperf_schd_1
iics_perf_job_dec11_itr_1_292900055,qaperf_schd_1
iics_perf_job_dec2_itr_1_159380897,qaperf_schd_1
iics_perf_job_dec22_itr_1_907009356,qaperf_schd_1
iics_perf_job_Feb18_24test1_1_131912724,qaperf_schd_1
iics_perf_job_Feb28_24test1_1_972174463,qaperf_schd_1
iics_perf_job_Feb4_24test1_1_10179585,qaperf_schd_1
iics_perf_job_Feb4_24test1_1_612065868,qaperf_schd_1
iics_perf_job_Feb4_24test1_1_890678064,qaperf_schd_1
iics_perf_job_jan04_24test1_1_236803637,qaperf_schd_1
iics_perf_job_jan04_24test1_1_378120687,qaperf_schd_1
iics_perf_job_jan04_24test1_1_397531510,qaperf_schd_1
iics_perf_job_jan13_24test1_1_666589867,qaperf_schd_1
iics_perf_job_jan30_24test1_1_50464557,qaperf_schd_1
iics_perf_job_jan30_24test1_1_55503292,qaperf_schd_1
iics_perf_job_july11_itr5_425977415,qaperf_schd_1
iics_perf_job_july31_itr1_1_205525244,qaperf_schd_1
iics_perf_job_july31_itr1_1_277822690,qaperf_schd_1
iics_perf_job_july31_itr1_2_103117521,qaperf_schd_1
iics_perf_job_jun13_itr2_201107081,qaperf_schd_1
iics_perf_job_jun9_itr1_663774423,qaperf_schd_1
iics_perf_job_mar16_1_itr1_304673304,qaperf_schd_1
iics_perf_job_mar16_1_itr1_613237994,qaperf_schd_1
iics_perf_job_mar16_1_itr1_754951937,qaperf_schd_1
iics_perf_job_mar16_1_itr1_847108064,qaperf_schd_1
iics_perf_job_mar16_1_itr1_990646734,qaperf_schd_1
iics_perf_job_mar20_1_itr2_623232687,qaperf_schd_1
iics_perf_job_mar21_1_itr1_716630371,qaperf_schd_1
iics_perf_job_may01_1_itr3_345177910,qaperf_schd_1
iics_perf_job_may02_1_itr1_681299519,qaperf_schd_1
iics_perf_job_may12_itr2_376485429,qaperf_schd_1
iics_perf_job_may12_itr2_389298379,qaperf_schd_1
iics_perf_job_may15_1_itr3_301726696,qaperf_schd_1
iics_perf_job_nov20_itr_2_184556423,qaperf_schd_1
iics_perf_job_nov20_itr_2_562043293,qaperf_schd_1
iics_perf_job_nov20_itr_2_954676641,qaperf_schd_1
iics_perf_job_nov26_itr_1_690943924,qaperf_schd_1
iics_perf_job_Nov28_test1_4_821736116,qaperf_schd_1
iics_perf_job_Nov28_test1_5_765436969,qaperf_schd_1
iics_perf_job_oct04_itr_1_129959824,qaperf_schd_1
iics_perf_job_oct06_itr_2_451276798,qaperf_schd_1
iics_perf_job_oct26_itr_1_701573511,qaperf_schd_1
iics_perf_job_Sep6_itr1_11_297390794,qaperf_schd_1
iics_perf_job_Sep7_itr1_12_701880412,qaperf_schd_1
iics_perf_job_sept20_itr_2_181817040,qaperf_schd_1
iics_perf_job_sept20_itr_2_443281027,qaperf_schd_1
iics_perf_job_sept20_itr_2_950235197,qaperf_schd_1
iics_perf_job_sept27_itr_1_394945738,qaperf_schd_1
iics_perf_job_sept27_itr_1_703906412,qaperf_schd_1
iics_perf_job_sept27_itr_1_890662885,qaperf_schd_1
iics_perf_job_sept28_itr_1_333107014,qaperf_schd_1
iics_perf_job_sept28_itr_1_560020923,qaperf_schd_1
iics_perf_job_sept28_itr_1_661809401,qaperf_schd_1
iics_perf_job_sept8_zdt_462235729,qaperf_schd_1
iics_perf_job_april27_1_itr1_12819555,qaperf_schd_10
iics_perf_job_april28_1_itr1_497715268,qaperf_schd_10
iics_perf_job_aug20_itr1_test2_12504513,qaperf_schd_10
iics_perf_job_Aug9_itr3_3_538301414,qaperf_schd_10
iics_perf_job_dec11_itr_1_630313175,qaperf_schd_10
iics_perf_job_dec22_itr_1_261941383,qaperf_schd_10
iics_perf_job_dec22_itr_1_403470079,qaperf_schd_10
iics_perf_job_dec22_itr_1_67193902,qaperf_schd_10
iics_perf_job_Feb18_24test1_1_34532918,qaperf_schd_10
iics_perf_job_Feb18_24test1_1_758784810,qaperf_schd_10
iics_perf_job_Feb28_24test1_1_568591938,qaperf_schd_10
iics_perf_job_jan04_24test1_1_878383440,qaperf_schd_10
iics_perf_job_jan12_24test1_1_164564691,qaperf_schd_10
iics_perf_job_jan13_24test1_1_238444556,qaperf_schd_10
iics_perf_job_jan30_24test1_1_112123250,qaperf_schd_10
iics_perf_job_jun12_itr4_717752382,qaperf_schd_10
iics_perf_job_jun16_2_681364586,qaperf_schd_10
iics_perf_job_jun8_itr1_593648393,qaperf_schd_10
iics_perf_job_june26_2_itr1_619775065,qaperf_schd_10
iics_perf_job_may01_1_itr3_493389969,qaperf_schd_10
iics_perf_job_may08_84726712,qaperf_schd_10
iics_perf_job_may18_1_itr2_167605317,qaperf_schd_10
iics_perf_job_Nov14_itr_1_390579253,qaperf_schd_10
iics_perf_job_nov23_itr_1_785253118,qaperf_schd_10
iics_perf_job_oct04_itr_1_459861385,qaperf_schd_10
iics_perf_job_oct04_itr_1_68492004,qaperf_schd_10
iics_perf_job_oct05_itr_1_26478722,qaperf_schd_10
iics_perf_job_oct05_itr_1_278615287,qaperf_schd_10
iics_perf_job_oct06_itr_2_667779049,qaperf_schd_10
iics_perf_job_Sep4_itr1_11_956261933,qaperf_schd_10
iics_perf_job_Sep5_itr1_15_666007832,qaperf_schd_10
iics_perf_job_Sep7_itr1_12_686619145,qaperf_schd_10
iics_perf_job_sept20_itr_1_160036200,qaperf_schd_10
iics_perf_job_sept20_itr_1_926392166,qaperf_schd_10
iics_perf_job_sept20_itr_2_382614591,qaperf_schd_10
iics_perf_job_sept20_itr_2_995729422,qaperf_schd_10
iics_perf_job_sept27_itr_1_518001749,qaperf_schd_10
iics_perf_job_sept27_itr_1_702257177,qaperf_schd_10
iics_perf_job_sept8_zdt_163574852,qaperf_schd_10
iics_perf_job_sept8_zdt_436525826,qaperf_schd_10
iics_perf_job_april27_2_itr1_877386183,qaperf_schd_2
iics_perf_job_april28_1_itr2_238139564,qaperf_schd_2
iics_perf_job_april28_1_itr2_293815882,qaperf_schd_2
iics_perf_job_april28_1_itr2_456746968,qaperf_schd_2
iics_perf_job_aug18_itr1_test1_668170258,qaperf_schd_2
iics_perf_job_aug18_itr1_test2_873739184,qaperf_schd_2
iics_perf_job_aug18_itr1_test3_592028794,qaperf_schd_2
iics_perf_job_aug18_itr1_test3_656894282,qaperf_schd_2
iics_perf_job_aug18_itr1_test3_774029499,qaperf_schd_2
iics_perf_job_aug20_itr1_test2_624714350,qaperf_schd_2
iics_perf_job_Dec19_24test1_2_769258465,qaperf_schd_2
iics_perf_job_dec22_itr_1_696738285,qaperf_schd_2
iics_perf_job_dec22_itr_1_802705064,qaperf_schd_2
iics_perf_job_dec5_itr_1_176823959,qaperf_schd_2
iics_perf_job_Feb18_24test1_1_19854486,qaperf_schd_2
iics_perf_job_Feb18_24test1_1_263054558,qaperf_schd_2
iics_perf_job_Feb18_24test1_1_632550917,qaperf_schd_2
iics_perf_job_Feb4_24test1_1_191869081,qaperf_schd_2
iics_perf_job_Feb4_24test1_1_306072663,qaperf_schd_2
iics_perf_job_Feb4_24test1_1_741287956,qaperf_schd_2
iics_perf_job_jan03_itr_1_440894341,qaperf_schd_2
iics_perf_job_jan04_24test1_1_203024844,qaperf_schd_2
iics_perf_job_jan12_24test1_1_364155016,qaperf_schd_2
iics_perf_job_jan30_24test1_1_220556723,qaperf_schd_2
iics_perf_job_jan30_24test1_1_504512658,qaperf_schd_2
iics_perf_job_jan30_24test1_1_524225490,qaperf_schd_2
iics_perf_job_jan30_24test1_1_555915903,qaperf_schd_2
iics_perf_job_jan30_24test1_1_743201534,qaperf_schd_2
iics_perf_job_jan30_24test1_1_761200686,qaperf_schd_2
iics_perf_job_july11_itr5_465728533,qaperf_schd_2
iics_perf_job_july31_itr1_1_563142216,qaperf_schd_2
iics_perf_job_july31_itr1_1_950621279,qaperf_schd_2
iics_perf_job_july31_itr1_2_79770114,qaperf_schd_2
iics_perf_job_jun12_itr4_339765668,qaperf_schd_2
iics_perf_job_jun12_itr4_562114706,qaperf_schd_2
iics_perf_job_jun12_itr4_786878922,qaperf_schd_2
iics_perf_job_jun13_itr1_615723082,qaperf_schd_2
iics_perf_job_jun14_3_831321414,qaperf_schd_2
iics_perf_job_jun17_1_542411854,qaperf_schd_2
iics_perf_job_jun6_itr1_390333784,qaperf_schd_2
iics_perf_job_jun8_itr3_966209222,qaperf_schd_2
iics_perf_job_jun9_itr1_820556285,qaperf_schd_2
iics_perf_job_jun9_itr1_889363595,qaperf_schd_2
iics_perf_job_june27_2_itr1_752796952,qaperf_schd_2
iics_perf_job_mar16_1_itr1_362004164,qaperf_schd_2
iics_perf_job_mar16_1_itr1_381505177,qaperf_schd_2
iics_perf_job_mar16_1_itr1_469192914,qaperf_schd_2
iics_perf_job_mar16_1_itr1_516568967,qaperf_schd_2
iics_perf_job_mar16_1_itr1_668152404,qaperf_schd_2
iics_perf_job_mar20_1_itr2_253915581,qaperf_schd_2
iics_perf_job_mar21_1_itr1_514160960,qaperf_schd_2
iics_perf_job_mar21_1_itr1_819934736,qaperf_schd_2
iics_perf_job_may01_1_itr4_425215750,qaperf_schd_2
iics_perf_job_may03_1_itr2_59058377,qaperf_schd_2
iics_perf_job_may08_879713947,qaperf_schd_2
iics_perf_job_may09_itr1_904472152,qaperf_schd_2
iics_perf_job_may09_itr4_105387272,qaperf_schd_2
iics_perf_job_may18_1_itr2_370855102,qaperf_schd_2
iics_perf_job_nov20_itr_2_102735196,qaperf_schd_2
iics_perf_job_nov20_itr_2_546863817,qaperf_schd_2
iics_perf_job_nov20_itr_2_741886629,qaperf_schd_2
iics_perf_job_nov20_itr_2_851191110,qaperf_schd_2
iics_perf_job_nov20_itr_2_906344955,qaperf_schd_2
iics_perf_job_nov25_itr_1_948773737,qaperf_schd_2
iics_perf_job_nov26_itr_1_557724717,qaperf_schd_2
iics_perf_job_nov26_itr_1_602079772,qaperf_schd_2
iics_perf_job_Nov28_test1_3_646540899,qaperf_schd_2
iics_perf_job_Nov28_test1_4_173329810,qaperf_schd_2
iics_perf_job_Nov28_test1_5_449268062,qaperf_schd_2
iics_perf_job_Nov28_test1_5_8412756,qaperf_schd_2
iics_perf_job_oct04_itr_1_146919108,qaperf_schd_2
iics_perf_job_oct04_itr_1_54917585,qaperf_schd_2
iics_perf_job_oct04_itr_1_644050653,qaperf_schd_2
iics_perf_job_oct04_itr_2_128410372,qaperf_schd_2
iics_perf_job_oct05_itr_1_921363445,qaperf_schd_2
iics_perf_job_oct06_itr_2_831444476,qaperf_schd_2
iics_perf_job_Oct10_itr_1_254727978,qaperf_schd_2
iics_perf_job_Oct10_itr_1_272677376,qaperf_schd_2
iics_perf_job_Oct10_itr_1_27520355,qaperf_schd_2
iics_perf_job_Oct10_itr_1_490392362,qaperf_schd_2
iics_perf_job_Oct10_itr_1_856902536,qaperf_schd_2
iics_perf_job_oct26_itr_1_74119184,qaperf_schd_2
iics_perf_job_oct26_itr_2_854245911,qaperf_schd_2
iics_perf_job_Sep6_itr1_11_10232019,qaperf_schd_2
iics_perf_job_Sep7_itr1_12_150503691,qaperf_schd_2
iics_perf_job_Sep7_itr1_12_278882479,qaperf_schd_2
iics_perf_job_Sep7_itr1_12_414303454,qaperf_schd_2
iics_perf_job_Sep7_itr1_12_496651020,qaperf_schd_2
iics_perf_job_Sep7_itr1_12_650076643,qaperf_schd_2
iics_perf_job_Sep7_itr1_12_727959134,qaperf_schd_2
iics_perf_job_Sep7_itr1_12_732437372,qaperf_schd_2
iics_perf_job_Sep7_itr1_12_84132542,qaperf_schd_2
iics_perf_job_sept20_itr_1_32276457,qaperf_schd_2
iics_perf_job_sept20_itr_1_398912739,qaperf_schd_2
iics_perf_job_sept20_itr_1_494633517,qaperf_schd_2
iics_perf_job_sept20_itr_1_910791779,qaperf_schd_2
iics_perf_job_sept20_itr_2_196443313,qaperf_schd_2
iics_perf_job_sept20_itr_2_201424831,qaperf_schd_2
iics_perf_job_sept20_itr_2_277288802,qaperf_schd_2
iics_perf_job_sept20_itr_2_284054332,qaperf_schd_2
iics_perf_job_sept20_itr_2_346947493,qaperf_schd_2
iics_perf_job_sept20_itr_2_476269976,qaperf_schd_2
iics_perf_job_sept20_itr_2_600426383,qaperf_schd_2
iics_perf_job_sept21_itr_1_541465697,qaperf_schd_2
iics_perf_job_sept21_itr_1_835793124,qaperf_schd_2
iics_perf_job_sept21_itr_2_527342105,qaperf_schd_2
iics_perf_job_sept22_itr_1_306089697,qaperf_schd_2
iics_perf_job_sept22_itr_2_929495443,qaperf_schd_2
iics_perf_job_sept23_itr_1_294434766,qaperf_schd_2
iics_perf_job_sept27_itr_1_196141876,qaperf_schd_2
iics_perf_job_sept27_itr_1_20551005,qaperf_schd_2
iics_perf_job_sept27_itr_1_465392687,qaperf_schd_2
iics_perf_job_sept27_itr_1_469898036,qaperf_schd_2
iics_perf_job_sept27_itr_1_522950315,qaperf_schd_2
iics_perf_job_sept27_itr_1_63889915,qaperf_schd_2
iics_perf_job_sept27_itr_1_653232168,qaperf_schd_2
iics_perf_job_sept27_itr_1_920158810,qaperf_schd_2
iics_perf_job_sept28_itr_1_934206604,qaperf_schd_2
iics_perf_job_sept28_itr_2_346138584,qaperf_schd_2
iics_perf_job_aug18_itr1_test1_203753170,qaperf_schd_3
iics_perf_job_aug18_itr1_test2_318122501,qaperf_schd_3
iics_perf_job_dec11_itr_1_883295237,qaperf_schd_3
iics_perf_job_Dec19_24test1_2_930443052,qaperf_schd_3
iics_perf_job_dec2_itr_1_159891391,qaperf_schd_3
iics_perf_job_dec20_itr_1_435907302,qaperf_schd_3
iics_perf_job_dec22_itr_1_194749936,qaperf_schd_3
iics_perf_job_dec22_itr_1_394761645,qaperf_schd_3
iics_perf_job_dec22_itr_1_641911006,qaperf_schd_3
iics_perf_job_Feb18_24test1_1_9547717,qaperf_schd_3
iics_perf_job_Feb3_24test1_1_772414056,qaperf_schd_3
iics_perf_job_Feb4_24test1_1_427794524,qaperf_schd_3
iics_perf_job_jan03_itr_1_673015945,qaperf_schd_3
iics_perf_job_jan04_24test1_1_903392457,qaperf_schd_3
iics_perf_job_jan30_24test1_1_724338768,qaperf_schd_3
iics_perf_job_july11_itr5_811449006,qaperf_schd_3
iics_perf_job_july31_itr1_1_201780457,qaperf_schd_3
iics_perf_job_july31_itr1_1_645703235,qaperf_schd_3
iics_perf_job_july31_itr1_2_125777930,qaperf_schd_3
iics_perf_job_july31_itr1_2_449876169,qaperf_schd_3
iics_perf_job_jun12_itr4_789117747,qaperf_schd_3
iics_perf_job_jun13_itr1_755641343,qaperf_schd_3
iics_perf_job_jun16_2_943917779,qaperf_schd_3
iics_perf_job_jun8_itr3_125392250,qaperf_schd_3
iics_perf_job_jun9_itr1_785457256,qaperf_schd_3
iics_perf_job_mar16_1_itr1_104634316,qaperf_schd_3
iics_perf_job_mar16_1_itr1_265350693,qaperf_schd_3
iics_perf_job_mar16_1_itr1_412190660,qaperf_schd_3
iics_perf_job_mar16_1_itr1_486516191,qaperf_schd_3
iics_perf_job_mar16_1_itr1_933272575,qaperf_schd_3
iics_perf_job_mar20_1_itr2_823933065,qaperf_schd_3
iics_perf_job_may01_1_itr3_115927203,qaperf_schd_3
iics_perf_job_may01_1_itr3_13235094,qaperf_schd_3
iics_perf_job_may04_1_itr2_762790938,qaperf_schd_3
iics_perf_job_may08_260018888,qaperf_schd_3
iics_perf_job_may12_itr1_574589248,qaperf_schd_3
iics_perf_job_may12_itr1_935361482,qaperf_schd_3
iics_perf_job_may12_itr2_115437684,qaperf_schd_3
iics_perf_job_Nov13_itr_4_793269442,qaperf_schd_3
iics_perf_job_nov14_itr_1_61653852,qaperf_schd_3
iics_perf_job_Nov14_itr_1_707268883,qaperf_schd_3
iics_perf_job_Nov19_test1_2_988902859,qaperf_schd_3
iics_perf_job_nov20_itr_2_533011086,qaperf_schd_3
iics_perf_job_nov20_itr_2_621031630,qaperf_schd_3
iics_perf_job_nov25_itr_1_216964083,qaperf_schd_3
iics_perf_job_Nov28_test1_5_203808206,qaperf_schd_3
iics_perf_job_Nov28_test1_5_623177315,qaperf_schd_3
iics_perf_job_oct04_itr_1_312559108,qaperf_schd_3
iics_perf_job_oct04_itr_1_484064381,qaperf_schd_3
iics_perf_job_oct05_itr_1_608403260,qaperf_schd_3
iics_perf_job_Sep3_itr1_13_170419920,qaperf_schd_3
iics_perf_job_Sep7_itr1_12_372152472,qaperf_schd_3
iics_perf_job_sept20_itr_2_317003161,qaperf_schd_3
iics_perf_job_sept20_itr_2_393038006,qaperf_schd_3
iics_perf_job_sept21_itr_1_911117601,qaperf_schd_3
iics_perf_job_sept21_itr_2_864082539,qaperf_schd_3
iics_perf_job_sept22_itr_2_463205604,qaperf_schd_3
iics_perf_job_sept23_itr_1_83542409,qaperf_schd_3
iics_perf_job_sept27_itr_1_225038366,qaperf_schd_3
iics_perf_job_sept27_itr_1_250891885,qaperf_schd_3
iics_perf_job_sept27_itr_1_329126574,qaperf_schd_3
iics_perf_job_sept27_itr_1_773390803,qaperf_schd_3
iics_perf_job_sept27_itr_1_969507180,qaperf_schd_3
iics_perf_job_April16_24test1_1_888263185,qaperf_schd_4
iics_perf_job_april27_1_itr1_352688014,qaperf_schd_4
iics_perf_job_april27_1_itr1_758425686,qaperf_schd_4
iics_perf_job_aug18_itr1_test2_308279305,qaperf_schd_4
iics_perf_job_Aug9_itr3_3_138735819,qaperf_schd_4
iics_perf_job_dec11_itr_1_614443813,qaperf_schd_4
iics_perf_job_Dec12_24test1_1_334906641,qaperf_schd_4
iics_perf_job_dec2_itr_1_244445955,qaperf_schd_4
iics_perf_job_dec22_itr_1_864000289,qaperf_schd_4
iics_perf_job_dec5_itr_1_511425251,qaperf_schd_4
iics_perf_job_dec5_itr_1_630886841,qaperf_schd_4
iics_perf_job_Feb18_24test1_1_656885011,qaperf_schd_4
iics_perf_job_Feb3_24test1_1_225966487,qaperf_schd_4
iics_perf_job_Feb3_24test1_1_853593805,qaperf_schd_4
iics_perf_job_jan04_24test1_1_903246737,qaperf_schd_4
iics_perf_job_jan13_24test1_1_314475492,qaperf_schd_4
iics_perf_job_jan30_24test1_1_731310080,qaperf_schd_4
iics_perf_job_july11_itr5_185411571,qaperf_schd_4
iics_perf_job_july31_itr1_1_256166944,qaperf_schd_4
iics_perf_job_july31_itr1_1_831694453,qaperf_schd_4
iics_perf_job_jun12_itr4_344389549,qaperf_schd_4
iics_perf_job_jun6_itr1_639271917,qaperf_schd_4
iics_perf_job_mar16_1_itr1_157362037,qaperf_schd_4
iics_perf_job_mar16_1_itr1_212975882,qaperf_schd_4
iics_perf_job_mar16_1_itr1_613035225,qaperf_schd_4
iics_perf_job_mar16_1_itr1_676808963,qaperf_schd_4
iics_perf_job_mar16_1_itr1_950192798,qaperf_schd_4
iics_perf_job_mar20_1_itr2_321286108,qaperf_schd_4
iics_perf_job_mar21_1_itr1_673594530,qaperf_schd_4
iics_perf_job_may04_1_itr1_890991220,qaperf_schd_4
iics_perf_job_may08_859805604,qaperf_schd_4
iics_perf_job_may08_itr1_857855741,qaperf_schd_4
iics_perf_job_may12_itr2_411392559,qaperf_schd_4
iics_perf_job_may25_itr4_406829331,qaperf_schd_4
iics_perf_job_Nov13_itr_4_245407398,qaperf_schd_4
iics_perf_job_Nov14_itr_1_828908270,qaperf_schd_4
iics_perf_job_nov20_itr_2_340072130,qaperf_schd_4
iics_perf_job_nov23_itr_1_259863001,qaperf_schd_4
iics_perf_job_nov26_itr_1_552917860,qaperf_schd_4
iics_perf_job_nov26_itr_1_662765852,qaperf_schd_4
iics_perf_job_nov26_itr_1_723457199,qaperf_schd_4
iics_perf_job_nov26_itr_1_977852331,qaperf_schd_4
iics_perf_job_Nov28_test1_3_129015402,qaperf_schd_4
iics_perf_job_Nov28_test1_4_25276520,qaperf_schd_4
iics_perf_job_Nov28_test1_5_458537678,qaperf_schd_4
iics_perf_job_oct05_itr_1_511133604,qaperf_schd_4
iics_perf_job_oct05_itr_1_685573896,qaperf_schd_4
iics_perf_job_oct07_itr_3_43209845,qaperf_schd_4
iics_perf_job_Oct10_itr_1_862828532,qaperf_schd_4
iics_perf_job_oct26_itr_1_653704918,qaperf_schd_4
iics_perf_job_oct26_itr_3_852145341,qaperf_schd_4
iics_perf_job_Sep5_itr1_13_820079357,qaperf_schd_4
iics_perf_job_Sep7_itr1_12_89665871,qaperf_schd_4
iics_perf_job_sept20_itr_1_621687193,qaperf_schd_4
iics_perf_job_sept20_itr_2_214294415,qaperf_schd_4
iics_perf_job_sept20_itr_2_231941976,qaperf_schd_4
iics_perf_job_sept20_itr_2_679979724,qaperf_schd_4
iics_perf_job_sept22_itr_2_485885174,qaperf_schd_4
iics_perf_job_sept22_itr_2_761244729,qaperf_schd_4
iics_perf_job_sept27_itr_1_630381964,qaperf_schd_4
iics_perf_job_sept27_itr_1_927949675,qaperf_schd_4
iics_perf_job_sept8_zdt_681030468,qaperf_schd_4
iics_perf_job_sept8_zdt_816219432,qaperf_schd_4
iics_perf_job_dec11_itr_1_201171536,qaperf_schd_5
iics_perf_job_dec11_itr_1_902855665,qaperf_schd_5
iics_perf_job_Dec12_24test1_1_933712936,qaperf_schd_5
iics_perf_job_Dec19_24test1_2_541655918,qaperf_schd_5
iics_perf_job_dec2_itr_1_837727530,qaperf_schd_5
iics_perf_job_dec22_itr_1_545282126,qaperf_schd_5
iics_perf_job_Feb28_24test1_1_464647011,qaperf_schd_5
iics_perf_job_jan13_24test1_1_480412235,qaperf_schd_5
iics_perf_job_jan30_24test1_1_832351202,qaperf_schd_5
iics_perf_job_july31_itr1_1_164215682,qaperf_schd_5
iics_perf_job_july31_itr1_1_480389058,qaperf_schd_5
iics_perf_job_july31_itr1_1_959170376,qaperf_schd_5
iics_perf_job_july31_itr1_2_23058922,qaperf_schd_5
iics_perf_job_jun13_itr1_479585601,qaperf_schd_5
iics_perf_job_jun13_itr1_830718982,qaperf_schd_5
iics_perf_job_jun14_3_587586998,qaperf_schd_5
iics_perf_job_jun14_3_613339202,qaperf_schd_5
iics_perf_job_jun16_2_774815241,qaperf_schd_5
iics_perf_job_june27_2_itr1_186679870,qaperf_schd_5
iics_perf_job_mar16_1_itr1_172781646,qaperf_schd_5
iics_perf_job_mar16_1_itr1_280180259,qaperf_schd_5
iics_perf_job_mar16_1_itr1_500381955,qaperf_schd_5
iics_perf_job_mar16_1_itr1_568492486,qaperf_schd_5
iics_perf_job_mar16_1_itr1_668850904,qaperf_schd_5
iics_perf_job_mar20_1_itr2_776596071,qaperf_schd_5
iics_perf_job_mar21_1_itr1_742653801,qaperf_schd_5
iics_perf_job_may12_itr4_186778750,qaperf_schd_5
iics_perf_job_Nov13_itr_4_283406403,qaperf_schd_5
iics_perf_job_Nov19_test1_2_418490470,qaperf_schd_5
iics_perf_job_Nov19_test1_2_645096350,qaperf_schd_5
iics_perf_job_nov20_itr_2_358586478,qaperf_schd_5
iics_perf_job_nov20_itr_2_919263864,qaperf_schd_5
iics_perf_job_nov20_itr_2_942951912,qaperf_schd_5
iics_perf_job_nov26_itr_1_25860577,qaperf_schd_5
iics_perf_job_Nov28_test1_4_780642556,qaperf_schd_5
iics_perf_job_oct04_itr_1_423539672,qaperf_schd_5
iics_perf_job_oct04_itr_1_699114594,qaperf_schd_5
iics_perf_job_oct04_itr_2_488435938,qaperf_schd_5
iics_perf_job_oct05_itr_1_526412828,qaperf_schd_5
iics_perf_job_oct05_itr_1_712625152,qaperf_schd_5
iics_perf_job_oct08_itr_1_190695840,qaperf_schd_5
iics_perf_job_Oct10_itr_1_594826489,qaperf_schd_5
iics_perf_job_Sep7_itr1_12_355241493,qaperf_schd_5
iics_perf_job_sept20_itr_1_240542404,qaperf_schd_5
iics_perf_job_sept20_itr_1_390136403,qaperf_schd_5
iics_perf_job_sept20_itr_2_239165422,qaperf_schd_5
iics_perf_job_sept21_itr_2_648605915,qaperf_schd_5
iics_perf_job_sept22_itr_2_22778995,qaperf_schd_5
iics_perf_job_sept23_itr_1_524579821,qaperf_schd_5
iics_perf_job_sept27_itr_1_126723627,qaperf_schd_5
iics_perf_job_sept27_itr_1_155434894,qaperf_schd_5
iics_perf_job_sept27_itr_1_184933418,qaperf_schd_5
iics_perf_job_sept27_itr_1_6534731,qaperf_schd_5
iics_perf_job_sept27_itr_1_937651213,qaperf_schd_5
iics_perf_job_sept27_itr_1_991011357,qaperf_schd_5
iics_perf_job_April16_24test1_1_754066039,qaperf_schd_6
iics_perf_job_april27_1_itr1_207088005,qaperf_schd_6
iics_perf_job_Aug9_itr3_3_292649118,qaperf_schd_6
iics_perf_job_dec11_itr_1_367482355,qaperf_schd_6
iics_perf_job_Dec12_24test1_1_824540120,qaperf_schd_6
iics_perf_job_dec22_itr_1_836214655,qaperf_schd_6
iics_perf_job_dec5_itr_1_59062796,qaperf_schd_6
iics_perf_job_Feb4_24test1_1_516838111,qaperf_schd_6
iics_perf_job_jan12_24test1_1_116755246,qaperf_schd_6
iics_perf_job_jan12_24test2_1_316763336,qaperf_schd_6
iics_perf_job_jan30_24test1_1_187612384,qaperf_schd_6
iics_perf_job_jan30_24test1_1_93051154,qaperf_schd_6
iics_perf_job_july7_2_itr1_624679117,qaperf_schd_6
iics_perf_job_jun12_itr4_400933960,qaperf_schd_6
iics_perf_job_jun14_3_347103240,qaperf_schd_6
iics_perf_job_jun6_itr1_453978340,qaperf_schd_6
iics_perf_job_june26_2_itr1_244896786,qaperf_schd_6
iics_perf_job_mar21_1_itr1_104103726,qaperf_schd_6
iics_perf_job_mar21_1_itr1_543166183,qaperf_schd_6
iics_perf_job_may01_1_itr4_668916478,qaperf_schd_6
iics_perf_job_may08_528201775,qaperf_schd_6
iics_perf_job_may09_itr1_622575893,qaperf_schd_6
iics_perf_job_may09_itr4_204226000,qaperf_schd_6
iics_perf_job_nov13_itr_1_323851909,qaperf_schd_6
iics_perf_job_Nov14_itr_1_575716004,qaperf_schd_6
iics_perf_job_nov23_itr_1_125459470,qaperf_schd_6
iics_perf_job_nov25_itr_1_472680032,qaperf_schd_6
iics_perf_job_nov25_itr_1_952939279,qaperf_schd_6
iics_perf_job_nov26_itr_1_164565215,qaperf_schd_6
iics_perf_job_nov26_itr_1_879953447,qaperf_schd_6
iics_perf_job_Nov28_test1_5_141719726,qaperf_schd_6
iics_perf_job_oct04_itr_1_172319233,qaperf_schd_6
iics_perf_job_oct04_itr_1_210531137,qaperf_schd_6
iics_perf_job_oct04_itr_1_335773140,qaperf_schd_6
iics_perf_job_Sep6_itr1_11_387269941,qaperf_schd_6
iics_perf_job_sept20_itr_2_245743480,qaperf_schd_6
iics_perf_job_sept20_itr_2_705465946,qaperf_schd_6
iics_perf_job_sept27_itr_1_555697840,qaperf_schd_6
iics_perf_job_sept27_itr_1_626741184,qaperf_schd_6
iics_perf_job_sept27_itr_1_779318713,qaperf_schd_6
iics_perf_job_sept27_itr_1_949920909,qaperf_schd_6
iics_perf_job_april27_1_itr1_201721327,qaperf_schd_7
iics_perf_job_april27_1_itr1_860665325,qaperf_schd_7
iics_perf_job_Aug11_itr1_1_140595232,qaperf_schd_7
iics_perf_job_Aug11_itr1_1_709910239,qaperf_schd_7
iics_perf_job_dec22_itr_1_394574198,qaperf_schd_7
iics_perf_job_Feb18_24test1_1_45626908,qaperf_schd_7
iics_perf_job_Feb18_24test1_1_709728288,qaperf_schd_7
iics_perf_job_Feb4_24test1_1_125274177,qaperf_schd_7
iics_perf_job_jan12_24test2_1_227535585,qaperf_schd_7
iics_perf_job_jan30_24test1_1_849043725,qaperf_schd_7
iics_perf_job_july11_itr10_738009835,qaperf_schd_7
iics_perf_job_july11_itr10_907020129,qaperf_schd_7
iics_perf_job_july31_itr1_2_890518337,qaperf_schd_7
iics_perf_job_jun16_3_243889428,qaperf_schd_7
iics_perf_job_jun6_itr6_922897288,qaperf_schd_7
iics_perf_job_june26_2_itr1_606811265,qaperf_schd_7
iics_perf_job_may03_1_itr2_336757741,qaperf_schd_7
iics_perf_job_may09_itr1_228844651,qaperf_schd_7
iics_perf_job_Nov13_itr_4_49709033,qaperf_schd_7
iics_perf_job_nov25_itr_1_457513298,qaperf_schd_7
iics_perf_job_nov26_itr_1_352070193,qaperf_schd_7
iics_perf_job_nov26_itr_1_674808814,qaperf_schd_7
iics_perf_job_Nov28_test1_4_706112896,qaperf_schd_7
iics_perf_job_Nov28_test1_5_907108926,qaperf_schd_7
iics_perf_job_oct04_itr_1_384278895,qaperf_schd_7
iics_perf_job_oct04_itr_1_920759794,qaperf_schd_7
iics_perf_job_oct05_itr_1_330126214,qaperf_schd_7
iics_perf_job_oct07_itr_3_343642586,qaperf_schd_7
iics_perf_job_Sep5_itr1_13_67756628,qaperf_schd_7
iics_perf_job_Sep5_itr1_15_267297096,qaperf_schd_7
iics_perf_job_Sep6_itr1_11_122275021,qaperf_schd_7
iics_perf_job_Sep7_itr1_12_43419074,qaperf_schd_7
iics_perf_job_Sep7_itr1_12_941648490,qaperf_schd_7
iics_perf_job_sept20_itr_1_95383758,qaperf_schd_7
iics_perf_job_sept20_itr_2_271151093,qaperf_schd_7
iics_perf_job_sept20_itr_2_971781495,qaperf_schd_7
iics_perf_job_sept22_itr_1_842603079,qaperf_schd_7
iics_perf_job_sept27_itr_1_12375397,qaperf_schd_7
iics_perf_job_sept27_itr_1_418219218,qaperf_schd_7
iics_perf_job_sept27_itr_1_670041027,qaperf_schd_7
iics_perf_job_aug18_itr1_test2_938773969,qaperf_schd_8
iics_perf_job_aug20_itr1_test2_824948358,qaperf_schd_8
iics_perf_job_Aug31_itr1_10_286628562,qaperf_schd_8
iics_perf_job_dec11_itr_1_159913019,qaperf_schd_8
iics_perf_job_dec11_itr_1_737608410,qaperf_schd_8
iics_perf_job_dec11_itr_1_887812157,qaperf_schd_8
iics_perf_job_dec11_itr_1_96984824,qaperf_schd_8
iics_perf_job_Dec12_24test1_1_641928403,qaperf_schd_8
iics_perf_job_dec2_itr_1_316819144,qaperf_schd_8
iics_perf_job_dec20_itr_1_609634664,qaperf_schd_8
iics_perf_job_Feb28_24test1_1_111248398,qaperf_schd_8
iics_perf_job_Feb4_24test1_1_634915710,qaperf_schd_8
iics_perf_job_jan03_itr_1_144336126,qaperf_schd_8
iics_perf_job_jan03_itr_1_642005583,qaperf_schd_8
iics_perf_job_jan03_itr_1_97011373,qaperf_schd_8
iics_perf_job_jan04_24test1_1_82142917,qaperf_schd_8
iics_perf_job_jan12_24test1_1_211479854,qaperf_schd_8
iics_perf_job_jan30_24test1_1_24002819,qaperf_schd_8
iics_perf_job_june26_2_itr1_61037078,qaperf_schd_8
iics_perf_job_june27_2_itr1_149524829,qaperf_schd_8
iics_perf_job_may08_itr1_189874589,qaperf_schd_8
iics_perf_job_may09_itr5_992242712,qaperf_schd_8
iics_perf_job_may22_2_itr1_199085505,qaperf_schd_8
iics_perf_job_Nov19_test1_2_361468318,qaperf_schd_8
iics_perf_job_nov20_itr_2_202585393,qaperf_schd_8
iics_perf_job_nov20_itr_2_215814477,qaperf_schd_8
iics_perf_job_nov23_itr_1_570396471,qaperf_schd_8
iics_perf_job_nov23_itr_1_915595546,qaperf_schd_8
iics_perf_job_nov25_itr_1_554768261,qaperf_schd_8
iics_perf_job_oct05_itr_1_428948956,qaperf_schd_8
iics_perf_job_oct06_itr_2_306990830,qaperf_schd_8
iics_perf_job_oct06_itr_2_879148578,qaperf_schd_8
iics_perf_job_Sep4_itr1_11_158445112,qaperf_schd_8
iics_perf_job_Sep5_itr1_13_926768401,qaperf_schd_8
iics_perf_job_sept20_itr_1_170289435,qaperf_schd_8
iics_perf_job_sept27_itr_1_534367688,qaperf_schd_8
iics_perf_job_sept27_itr_1_857138416,qaperf_schd_8
iics_perf_job_sept27_itr_1_878745898,qaperf_schd_8
iics_perf_job_sept28_itr_1_109460330,qaperf_schd_8
iics_perf_job_April16_24test1_1_630801257,qaperf_schd_9
iics_perf_job_Aug11_itr1_1_876501967,qaperf_schd_9
iics_perf_job_aug20_itr1_test2_157763312,qaperf_schd_9
iics_perf_job_Dec19_24test1_2_524423440,qaperf_schd_9
iics_perf_job_Dec19_24test1_2_96586405,qaperf_schd_9
iics_perf_job_Feb20_24test1_1_884809583,qaperf_schd_9
iics_perf_job_Feb4_24test1_1_516710591,qaperf_schd_9
iics_perf_job_jan03_itr_1_320186762,qaperf_schd_9
iics_perf_job_jan04_24test1_1_198568950,qaperf_schd_9
iics_perf_job_jan04_24test1_1_926772903,qaperf_schd_9
iics_perf_job_jan04_24test1_1_986013467,qaperf_schd_9
iics_perf_job_jan30_24test1_1_988655761,qaperf_schd_9
iics_perf_job_july5_2_itr1_142484430,qaperf_schd_9
iics_perf_job_july7_2_itr1_5840262,qaperf_schd_9
iics_perf_job_july7_2_itr2_769374709,qaperf_schd_9
iics_perf_job_jun13_itr2_858583507,qaperf_schd_9
iics_perf_job_jun14_3_596341795,qaperf_schd_9
iics_perf_job_jun14_3_687707174,qaperf_schd_9
iics_perf_job_jun16_3_630586204,qaperf_schd_9
iics_perf_job_jun17_1_398424688,qaperf_schd_9
iics_perf_job_jun8_itr1_553464636,qaperf_schd_9
iics_perf_job_june26_2_itr1_505926505,qaperf_schd_9
iics_perf_job_june27_2_itr1_188857109,qaperf_schd_9
iics_perf_job_mar21_1_itr1_400321263,qaperf_schd_9
iics_perf_job_may01_1_itr3_727498401,qaperf_schd_9
iics_perf_job_may08_itr1_504520410,qaperf_schd_9
iics_perf_job_may09_itr1_459182346,qaperf_schd_9
iics_perf_job_may09_itr4_532894438,qaperf_schd_9
iics_perf_job_may12_itr2_432428121,qaperf_schd_9
iics_perf_job_may18_1_itr2_892320248,qaperf_schd_9
iics_perf_job_may25_itr4_834376781,qaperf_schd_9
iics_perf_job_Nov13_itr_4_829697275,qaperf_schd_9
iics_perf_job_Nov14_itr_1_509355648,qaperf_schd_9
iics_perf_job_nov20_itr_2_729097738,qaperf_schd_9
iics_perf_job_nov25_itr_1_287633575,qaperf_schd_9
iics_perf_job_nov25_itr_1_417273375,qaperf_schd_9
iics_perf_job_nov26_itr_1_231071241,qaperf_schd_9
iics_perf_job_oct04_itr_1_121091408,qaperf_schd_9
iics_perf_job_oct04_itr_1_20746201,qaperf_schd_9
iics_perf_job_oct04_itr_2_26108323,qaperf_schd_9
iics_perf_job_oct07_itr_3_551842821,qaperf_schd_9
iics_perf_job_Oct10_itr_1_275039224,qaperf_schd_9
iics_perf_job_Oct10_itr_1_917166976,qaperf_schd_9
iics_perf_job_oct26_itr_1_742198756,qaperf_schd_9
iics_perf_job_oct26_itr_1_909920924,qaperf_schd_9
iics_perf_job_oct26_itr_2_570198197,qaperf_schd_9
iics_perf_job_oct26_itr_3_720441424,qaperf_schd_9
iics_perf_job_Sep3_itr1_13_612799213,qaperf_schd_9
iics_perf_job_Sep6_itr1_11_950469276,qaperf_schd_9
iics_perf_job_Sep7_itr1_12_272600612,qaperf_schd_9
iics_perf_job_Sep7_itr1_12_71169487,qaperf_schd_9
iics_perf_job_sept20_itr_2_156579305,qaperf_schd_9
iics_perf_job_sept20_itr_2_476114701,qaperf_schd_9
iics_perf_job_sept20_itr_2_634522920,qaperf_schd_9
iics_perf_job_sept20_itr_2_866651219,qaperf_schd_9
iics_perf_job_sept23_itr_1_195422917,qaperf_schd_9
iics_perf_job_sept27_itr_1_153696747,qaperf_schd_9
iics_perf_job_sept27_itr_1_267437089,qaperf_schd_9
iics_perf_job_sept27_itr_1_363121,qaperf_schd_9
iics_perf_job_sept27_itr_1_585570597,qaperf_schd_9
iics_perf_job_sept27_itr_1_613095853,qaperf_schd_9
iics_perf_job_sept27_itr_1_652658798,qaperf_schd_9
iics_perf_job_sept27_itr_1_834393546,qaperf_schd_9
iics_perf_job_sept28_itr_1_198255062,qaperf_schd_9
iics_perf_job_sept28_itr_1_464478286,qaperf_schd_9
