objectPath,objectName,objectType,id
/Explore/100Mappingtasks,iics_perf_reg_MappingTask_100_assets_29,MTT,41rFtAzyZ7vbxx21kVc4Em
/Explore/100Mappingtasks,iics_perf_reg_MappingTask_100_assets_45,MTT,9xUeyVHb9A7hZKpHfunqub
/Explore/100Mappingtasks,iics_perf_reg_MappingTask_100_assets_60,MTT,8khQw1UMbChgA9LDCY0z6e
/Explore/100Mappingtasks,iics_perf_reg_MappingTask_100_assets_41,MTT,4dzHTuY635yi3ib0lMolk0
/Explore/100Mappingtasks,iics_perf_reg_MappingTask_100_assets_36,MTT,4oa1H2OnKEfk0C4Xj91BSR
/Explore/100Mappingtasks,iics_perf_reg_MappingTask_100_assets_59,MTT,4gT3a6SCMQ5e11NkFp2zcH
/Explore/100Mappingtasks,iics_perf_reg_MappingTask_100_assets_82,MTT,8ZiZggLm9mUf7aZe3a6Ds7
/Explore/100Mappingtasks,iics_perf_reg_MappingTask_100_assets_69,MTT,5U0YcT6f1s0dz9yxyc1Ds1
/Explore/100Mappingtasks,iics_perf_reg_MappingTask_100_assets_73,MTT,5iE33Ycvg31kL0Uc3o9SK0
/Explore/100Mappingtasks,iics_perf_reg_MappingTask_100_assets_3,MTT,0mr5HtYUboEf639zli6dM8
/Explore/Default,INFA_Generic_Cloud_Service_Mapping,DTEMPLATE,i4J0hMPDccgd3UCjibohg5
/Explore/100Mappingtasks,iics_perf_reg_MappingTask_100_assets_44,MTT,4tTSIK0vWWRlrta5d3qbm1
/Explore/100Mappingtasks,iics_perf_reg_MappingTask_100_assets_19,MTT,8RNy5yoZqmSlpn8e7NU98y
/Explore/100Mappingtasks,iics_perf_reg_MappingTask_100_assets_89,MTT,hjRS6ZSCJCkjcPaNqieFoO
/SYS,PerfTestAgentGroup,AgentGroup,3uqE1vEjnFMcTh3RoE2JSE
/Explore/100Mappingtasks,iics_perf_reg_MappingTask_100_assets_72,MTT,2ELBIN62qSwiyXstlMIYUq
/Explore/100Mappingtasks,iics_perf_reg_MappingTask_100_assets_79,MTT,1L4m7Lr3EFZj6diyGxtU0c
/Explore/100Mappingtasks,iics_perf_reg_MappingTask_100_assets_37,MTT,1pgk1RJTWf6eVqWHh2bFoW
/Explore/100Mappingtasks,iics_perf_reg_MappingTask_100_assets_81,MTT,bQQFnh40KAshBZQCjbc9q6
/Explore/100Mappingtasks,iics_perf_reg_MappingTask_100_assets_70,MTT,3CzG4O2IswYftIWB5wSlA4
/Explore/100Mappingtasks,iics_perf_reg_MappingTask_100_assets_47,MTT,c4i7TDdLDIWkCkbQQqT5qB
/SYS,Connection_1,Connection,6PSsdpWTsGxhvh962Dd1Y7
/Explore/100Mappingtasks,iics_perf_reg_MappingTask_100_assets_46,MTT,83DuBQGZqlZbFeVhzMNyyQ
/Explore/100Mappingtasks,iics_perf_reg_MappingTask_100_assets_62,MTT,96C8559GaE8cEPVnkcAFEU
/Explore/100Mappingtasks,iics_perf_reg_MappingTask_100_assets_100,MTT,0YnBNi6IFNplEocdVq4NGb
/Explore/100Mappingtasks,iics_perf_reg_MappingTask_100_assets_20,MTT,130c6Mgn99piXL0te8S44m
/Explore/100Mappingtasks,iics_perf_reg_MappingTask_100_assets_33,MTT,gJ4lLumDEWUdxalmQNqpcu
/Explore/100Mappingtasks,iics_perf_reg_MappingTask_100_assets_48,MTT,1j1QViPfNocbpfbh8MffuB
/Explore/100Mappingtasks,iics_perf_reg_MappingTask_100_assets_27,MTT,0BIUIIjOusehdY0nH7ZPKT
/Explore/100Mappingtasks,iics_perf_reg_MappingTask_100_assets_85,MTT,8Va2NabdGEagjzFj25A48Q
/Explore/100Mappingtasks,iics_perf_reg_MappingTask_100_assets_10,MTT,l2bhFq2H8GNk0irIDDjt8u
/Explore/100Mappingtasks,iics_perf_reg_MappingTask_100_assets_39,MTT,7ARUJwZL6EOdWyVWYDuMa0
/Explore/100Mappingtasks,iics_perf_reg_MappingTask_100_assets_86,MTT,kP7LCJ9sekxjQiflJa6FQi
/SYS,conn,Connection,5vLYnaDalhNb5lwBwr8z0j
/Explore/100Mappingtasks,iics_perf_reg_MappingTask_100_assets_51,MTT,91YWwVW9iYHjHYAhPpNoEC
/Explore/100Mappingtasks,iics_perf_reg_MappingTask_100_assets_65,MTT,20qInHcO7LQl8J4njWYbgG
/Explore/100Mappingtasks,iics_perf_reg_MappingTask_100_assets_57,MTT,0D1TvD18kIddNBBdrburwG
/Explore/100Mappingtasks,iics_perf_reg_MappingTask_100_assets_32,MTT,1bLTzNpoBgqhLNU5xHiW85
/Explore/100Mappingtasks,iics_perf_reg_MappingTask_100_assets_76,MTT,fKVVJg8IVOgeH6S274ZjkW
/Explore/100Mappingtasks,iics_perf_reg_MappingTask_100_assets_15,MTT,4bQYCXXA5GXjsmy6dA0t01
/Explore/100Mappingtasks,iics_perf_reg_MappingTask_100_assets_22,MTT,gRqIVwbwtqndkD1Sa8M4uW
/Explore/100Mappingtasks,iics_perf_reg_MappingTask_100_assets_94,MTT,59Wn16GLfo3kwMztxd73c2
/Explore/100Mappingtasks,iics_perf_reg_MappingTask_100_assets_16,MTT,5x5XFlQk6qcl44A6KO8smf
/Explore/100Mappingtasks,iics_perf_reg_MappingTask_100_assets_25,MTT,aVxDPAe7ikKlpO8rtUMS4k
/Explore/100Mappingtasks,iics_perf_reg_MappingTask_100_assets_49,MTT,3EVGMbV8Wcrl3fNiDVlwoU
/Explore/100Mappingtasks,iics_perf_reg_MappingTask_100_assets_43,MTT,3NAZoqtQa6Xer2w7X7SdGb
/Explore/100Mappingtasks,iics_perf_reg_MappingTask_100_assets_38,MTT,7dxQq73GYygfQG8opxfEUc
/Explore/100Mappingtasks,iics_perf_reg_MappingTask_100_assets_96,MTT,8vGCyVsX6eodm3L63NeQAb
/Explore/100Mappingtasks,iics_perf_reg_MappingTask_100_assets_28,MTT,6h5olgh52gfh7RBrQrR0O4
/Explore/100Mappingtasks,iics_perf_reg_MappingTask_100_assets_21,MTT,awWb8ARdyIYgc2KjDEaTSG
/Explore/100Mappingtasks,iics_perf_reg_MappingTask_100_assets_91,MTT,61eYG33smORlPndFVE2WOU
/Explore/100Mappingtasks,Mapping2,DTEMPLATE,kZJ7sU2oMkUdVTXOIlHKa9
/Explore/100Mappingtasks,iics_perf_reg_MappingTask_100_assets_11,MTT,16Yw3Tow5DlfkJsXeaGKua
/Explore/100Mappingtasks,iics_perf_reg_MappingTask_100_assets_34,MTT,jbgmBkNoMKTcH5rjjaDouZ
/Explore/100Mappingtasks,iics_perf_reg_MappingTask_100_assets_7,MTT,igNGttyqGO9gJNfgElbrsx
/Explore/100Mappingtasks,iics_perf_reg_MappingTask_100_assets_9,MTT,aYzlLDGOXQ1egJR649oJyu
/Explore/100Mappingtasks,iics_perf_reg_MappingTask_100_assets_35,MTT,cn2LTfe4SE1hOw52c7vyo3
/Explore/100Mappingtasks,iics_perf_reg_MappingTask_100_assets_42,MTT,2WFL0SzUUKWc7j3X1QerYz
/Explore/100Mappingtasks,iics_perf_reg_MappingTask_100_assets_95,MTT,289BaMlqQ6zgxi1mifa8Io
/Explore/100Mappingtasks,iics_perf_reg_MappingTask_100_assets_87,MTT,18tj2VqSDp9kws9a0fFo4y
/Explore/100Mappingtasks,iics_perf_reg_MappingTask_100_assets_53,MTT,aSlu9rUFiw8cZ5KiX0L1Mi
/Explore/100Mappingtasks,iics_perf_reg_MappingTask_100_assets_40,MTT,2klGxfvCmtEdif40rsnuSC
/Explore/100Mappingtasks,iics_perf_reg_MappingTask_100_assets_66,MTT,0ZrOFxIyWxNfkUaIEclF0L
/Explore/100Mappingtasks,iics_perf_reg_MappingTask_100_assets_5,MTT,01EtA1GFiScfxT4Sc20MkG
/Explore/100Mappingtasks,iics_perf_reg_MappingTask_100_assets_63,MTT,b9AFzNnFww5bEq9d1W546B
/Explore/100Mappingtasks,iics_perf_reg_MappingTask_100_assets_24,MTT,3LtP948ZUHecwlHOp3Abck
/Explore/100Mappingtasks,iics_perf_reg_MappingTask_100_assets_13,MTT,4KgO7lKDcoSiUZGnINiq6d
/Explore/100Mappingtasks,iics_perf_reg_MappingTask_100_assets_74,MTT,5Rn26eOWkQ2lWK9Tja0Y2Y
/Explore/100Mappingtasks,iics_perf_reg_MappingTask_100_assets_75,MTT,5QlwGYKr1UlcIJfNuENy2d
/Explore/100Mappingtasks,iics_perf_reg_MappingTask_100_assets_52,MTT,3zVzbqWlN43lAo2tKy3iCB
/Explore/100Mappingtasks,iics_perf_reg_MappingTask_100_assets_58,MTT,8ZOsAwL7bXheMJBDmYcBGK
/Explore/100Mappingtasks,iics_perf_reg_MappingTask_100_assets_77,MTT,6RdkRxrGGXMgBsB9MVnQqV
/Explore/100Mappingtasks,iics_perf_reg_MappingTask_100_assets_67,MTT,6cSr3XzXFunhStV5EiItyg
/Explore/100Mappingtasks,iics_perf_reg_MappingTask_100_assets_50,MTT,gBQEapW3WaRcs4BqZa4DMb
/Explore/100Mappingtasks,iics_perf_reg_MappingTask_100_assets_56,MTT,5f4Ccx6yBDRgDadj0lmJAA
/Explore/100Mappingtasks,iics_perf_reg_MappingTask_100_assets_90,MTT,0AAy4KdSXWlg5UtNiY6okv
/Explore/100Mappingtasks,iics_perf_reg_MappingTask_100_assets_55,MTT,aowxQkRXbqIdISFR446xGB
/Explore/100Mappingtasks,iics_perf_reg_MappingTask_100_assets_18,MTT,8OHDq9nHzacdvNFGTK9dEp
/Explore/100Mappingtasks,iics_perf_reg_MappingTask_100_assets_97,MTT,7eklKlWmmENlJwm4OHzBEa
/Explore/100Mappingtasks,iics_perf_reg_MappingTask_100_assets_93,MTT,0UkiCxL9q9OhfRKg7JIdgY
/Explore/100Mappingtasks,iics_perf_reg_MappingTask_100_assets_1,MTT,8CCaTYHaGo1k2ylDBIAGww
/Explore,Default,Project,0WSzIjojjEnf3dR3jCvG4u
/Explore/100Mappingtasks,iics_perf_reg_MappingTask_100_assets_6,MTT,ahLkPaLvlgagMSCaoVB7at
/Explore/100Mappingtasks,iics_perf_reg_MappingTask_100_assets_99,MTT,06E4TP5QL3Lend6yhks1UT
/Explore/100Mappingtasks,iics_perf_reg_MappingTask_100_assets_80,MTT,2SGX1G1mtVjlrCLu81Ss2C
/Explore/100Mappingtasks,iics_perf_reg_MappingTask_100_assets_26,MTT,3M8yAyZZEwvjhQODQzWmAa
/Explore/100Mappingtasks,iics_perf_reg_MappingTask_100_assets_88,MTT,cn7ZuMC8hsJdn2G7i1zUQa
/Explore/100Mappingtasks,iics_perf_reg_MappingTask_100_assets_12,MTT,5OZlj50YbHRlY8EoXjPgAU
/Explore/100Mappingtasks,iics_perf_reg_MappingTask_100_assets_78,MTT,2JyEG9Bw6qucNelJWOXCaB
/Explore/100Mappingtasks,iics_perf_reg_MappingTask_100_assets_61,MTT,73OQx33ZTzogCpmK5CJSEV
/Explore/100Mappingtasks,iics_perf_reg_MappingTask_100_assets_84,MTT,biQicf6Ij62f4T9JdGDIGo
/Explore/100Mappingtasks,iics_perf_reg_MappingTask_100_assets_23,MTT,7txX65j80NFj7k0SamAk6t
/Explore,100Mappingtasks,Project,4BnH0LpFxMFhM0SCRoldsR
/Explore/100Mappingtasks,iics_perf_reg_MappingTask_100_assets_71,MTT,7PlHDOlAcKSj9gFHnll3o6
/Explore/100Mappingtasks,iics_perf_reg_MappingTask_100_assets_14,MTT,58RzeqnetfMkuEae198MKj
/Explore/100Mappingtasks,iics_perf_reg_MappingTask_100_assets_17,MTT,4NVBNjGD4ugjkJua44yCEG
/Explore/100Mappingtasks,iics_perf_reg_MappingTask_100_assets_92,MTT,7nvNkMSANRac3HEgQcjYoJ
/Explore/100Mappingtasks,iics_perf_reg_MappingTask_100_assets_4,MTT,kDJHaxctgA9g3Ykwnr6g87
/Explore/100Mappingtasks,iics_perf_reg_MappingTask_100_assets_68,MTT,4GMWma1rCrrenZ2axZLvU4
/Explore/100Mappingtasks,iics_perf_reg_MappingTask_100_assets_8,MTT,icGubZ3AOijg8CHn6VBHOQ
/Explore/100Mappingtasks,iics_perf_reg_MappingTask_100_assets_31,MTT,a0Js6HR7BOpkrKQLM2JToD
/Explore/100Mappingtasks,iics_perf_reg_MappingTask_100_assets_83,MTT,8kIBRcmd6gUiS9Cqc87WYC
/Explore/100Mappingtasks,iics_perf_reg_MappingTask_100_assets_64,MTT,ddLcTGZ5fsleOPfCwL5HmO
/Explore/100Mappingtasks,iics_perf_reg_MappingTask_100_assets_98,MTT,kqqHskx0SoCducCeqCY1Ad
/Explore/100Mappingtasks,iics_perf_reg_MappingTask_100_assets_30,MTT,1QwVRMhJTNgcJheCXpOQwm
/Explore/100Mappingtasks,iics_perf_reg_MappingTask_100_assets_54,MTT,5LhJJ49nGEKlRsGUnTcyUH
/Explore/100Mappingtasks,iics_perf_reg_MappingTask_100_assets_2,MTT,6qPWVUxIkpXk1580MFKB8Z