{
  "name" : "job-1701233416516",
  "sourceOrgId" : "5bG73VoEtdflugGkH0nQIK",
  "sourceOrgName" : "perf_v3api_11",
  "exportedObjects" : [ {
    "objectGuid" : "41rFtAzyZ7vbxx21kVc4Em",
    "objectName" : "iics_perf_reg_MappingTask_100_assets_29",
    "objectType" : "MTT",
    "path" : "/Explore/100Mappingtasks",
    "metadata" : {
      "modelVersion" : {
        "major" : 0,
        "minor" : 0
      },
      "repoInfo" : {
        "repoHandle" : "015UBT0Z00000000002J"
      },
      "objectRefs" : [ "6PSsdpWTsGxhvh962Dd1Y7", "kZJ7sU2oMkUdVTXOIlHKa9", "3uqE1vEjnFMcTh3RoE2JSE", "5vLYnaDalhNb5lwBwr8z0j" ],
      "contextAttributes" : [ {
        "name" : "id",
        "value" : "@1"
      } ],
      "additionalInfo" : {
        "description" : "mapping task description",
        "contentType" : "JSON",
        "documentState" : "VALID"
      }
    }
  }, {
    "objectGuid" : "9xUeyVHb9A7hZKpHfunqub",
    "objectName" : "iics_perf_reg_MappingTask_100_assets_45",
    "objectType" : "MTT",
    "path" : "/Explore/100Mappingtasks",
    "metadata" : {
      "modelVersion" : {
        "major" : 0,
        "minor" : 0
      },
      "repoInfo" : {
        "repoHandle" : "015UBT0Z00000000001Z"
      },
      "objectRefs" : [ "6PSsdpWTsGxhvh962Dd1Y7", "kZJ7sU2oMkUdVTXOIlHKa9", "3uqE1vEjnFMcTh3RoE2JSE", "5vLYnaDalhNb5lwBwr8z0j" ],
      "contextAttributes" : [ {
        "name" : "id",
        "value" : "@1"
      } ],
      "additionalInfo" : {
        "description" : "mapping task description",
        "contentType" : "JSON",
        "documentState" : "VALID"
      }
    }
  }, {
    "objectGuid" : "8khQw1UMbChgA9LDCY0z6e",
    "objectName" : "iics_perf_reg_MappingTask_100_assets_60",
    "objectType" : "MTT",
    "path" : "/Explore/100Mappingtasks",
    "metadata" : {
      "modelVersion" : {
        "major" : 0,
        "minor" : 0
      },
      "repoInfo" : {
        "repoHandle" : "015UBT0Z00000000001E"
      },
      "objectRefs" : [ "6PSsdpWTsGxhvh962Dd1Y7", "kZJ7sU2oMkUdVTXOIlHKa9", "3uqE1vEjnFMcTh3RoE2JSE", "5vLYnaDalhNb5lwBwr8z0j" ],
      "contextAttributes" : [ {
        "name" : "id",
        "value" : "@1"
      } ],
      "additionalInfo" : {
        "description" : "mapping task description",
        "contentType" : "JSON",
        "documentState" : "VALID"
      }
    }
  }, {
    "objectGuid" : "4dzHTuY635yi3ib0lMolk0",
    "objectName" : "iics_perf_reg_MappingTask_100_assets_41",
    "objectType" : "MTT",
    "path" : "/Explore/100Mappingtasks",
    "metadata" : {
      "modelVersion" : {
        "major" : 0,
        "minor" : 0
      },
      "repoInfo" : {
        "repoHandle" : "015UBT0Z00000000001O"
      },
      "objectRefs" : [ "6PSsdpWTsGxhvh962Dd1Y7", "kZJ7sU2oMkUdVTXOIlHKa9", "3uqE1vEjnFMcTh3RoE2JSE", "5vLYnaDalhNb5lwBwr8z0j" ],
      "contextAttributes" : [ {
        "name" : "id",
        "value" : "@1"
      } ],
      "additionalInfo" : {
        "description" : "mapping task description",
        "contentType" : "JSON",
        "documentState" : "VALID"
      }
    }
  }, {
    "objectGuid" : "4oa1H2OnKEfk0C4Xj91BSR",
    "objectName" : "iics_perf_reg_MappingTask_100_assets_36",
    "objectType" : "MTT",
    "path" : "/Explore/100Mappingtasks",
    "metadata" : {
      "modelVersion" : {
        "major" : 0,
        "minor" : 0
      },
      "repoInfo" : {
        "repoHandle" : "015UBT0Z00000000000W"
      },
      "objectRefs" : [ "6PSsdpWTsGxhvh962Dd1Y7", "kZJ7sU2oMkUdVTXOIlHKa9", "3uqE1vEjnFMcTh3RoE2JSE", "5vLYnaDalhNb5lwBwr8z0j" ],
      "contextAttributes" : [ {
        "name" : "id",
        "value" : "@1"
      } ],
      "additionalInfo" : {
        "description" : "mapping task description",
        "contentType" : "JSON",
        "documentState" : "VALID"
      }
    }
  }, {
    "objectGuid" : "4gT3a6SCMQ5e11NkFp2zcH",
    "objectName" : "iics_perf_reg_MappingTask_100_assets_59",
    "objectType" : "MTT",
    "path" : "/Explore/100Mappingtasks",
    "metadata" : {
      "modelVersion" : {
        "major" : 0,
        "minor" : 0
      },
      "repoInfo" : {
        "repoHandle" : "015UBT0Z00000000001P"
      },
      "objectRefs" : [ "6PSsdpWTsGxhvh962Dd1Y7", "kZJ7sU2oMkUdVTXOIlHKa9", "3uqE1vEjnFMcTh3RoE2JSE", "5vLYnaDalhNb5lwBwr8z0j" ],
      "contextAttributes" : [ {
        "name" : "id",
        "value" : "@1"
      } ],
      "additionalInfo" : {
        "description" : "mapping task description",
        "contentType" : "JSON",
        "documentState" : "VALID"
      }
    }
  }, {
    "objectGuid" : "8ZiZggLm9mUf7aZe3a6Ds7",
    "objectName" : "iics_perf_reg_MappingTask_100_assets_82",
    "objectType" : "MTT",
    "path" : "/Explore/100Mappingtasks",
    "metadata" : {
      "modelVersion" : {
        "major" : 0,
        "minor" : 0
      },
      "repoInfo" : {
        "repoHandle" : "015UBT0Z00000000002L"
      },
      "objectRefs" : [ "6PSsdpWTsGxhvh962Dd1Y7", "kZJ7sU2oMkUdVTXOIlHKa9", "3uqE1vEjnFMcTh3RoE2JSE", "5vLYnaDalhNb5lwBwr8z0j" ],
      "contextAttributes" : [ {
        "name" : "id",
        "value" : "@1"
      } ],
      "additionalInfo" : {
        "description" : "mapping task description",
        "contentType" : "JSON",
        "documentState" : "VALID"
      }
    }
  }, {
    "objectGuid" : "5U0YcT6f1s0dz9yxyc1Ds1",
    "objectName" : "iics_perf_reg_MappingTask_100_assets_69",
    "objectType" : "MTT",
    "path" : "/Explore/100Mappingtasks",
    "metadata" : {
      "modelVersion" : {
        "major" : 0,
        "minor" : 0
      },
      "repoInfo" : {
        "repoHandle" : "015UBT0Z00000000000T"
      },
      "objectRefs" : [ "6PSsdpWTsGxhvh962Dd1Y7", "kZJ7sU2oMkUdVTXOIlHKa9", "3uqE1vEjnFMcTh3RoE2JSE", "5vLYnaDalhNb5lwBwr8z0j" ],
      "contextAttributes" : [ {
        "name" : "id",
        "value" : "@1"
      } ],
      "additionalInfo" : {
        "description" : "mapping task description",
        "contentType" : "JSON",
        "documentState" : "VALID"
      }
    }
  }, {
    "objectGuid" : "5iE33Ycvg31kL0Uc3o9SK0",
    "objectName" : "iics_perf_reg_MappingTask_100_assets_73",
    "objectType" : "MTT",
    "path" : "/Explore/100Mappingtasks",
    "metadata" : {
      "modelVersion" : {
        "major" : 0,
        "minor" : 0
      },
      "repoInfo" : {
        "repoHandle" : "015UBT0Z00000000001J"
      },
      "objectRefs" : [ "6PSsdpWTsGxhvh962Dd1Y7", "kZJ7sU2oMkUdVTXOIlHKa9", "3uqE1vEjnFMcTh3RoE2JSE", "5vLYnaDalhNb5lwBwr8z0j" ],
      "contextAttributes" : [ {
        "name" : "id",
        "value" : "@1"
      } ],
      "additionalInfo" : {
        "description" : "mapping task description",
        "contentType" : "JSON",
        "documentState" : "VALID"
      }
    }
  }, {
    "objectGuid" : "0mr5HtYUboEf639zli6dM8",
    "objectName" : "iics_perf_reg_MappingTask_100_assets_3",
    "objectType" : "MTT",
    "path" : "/Explore/100Mappingtasks",
    "metadata" : {
      "modelVersion" : {
        "major" : 0,
        "minor" : 0
      },
      "repoInfo" : {
        "repoHandle" : "015UBT0Z000000000007"
      },
      "objectRefs" : [ "6PSsdpWTsGxhvh962Dd1Y7", "kZJ7sU2oMkUdVTXOIlHKa9", "3uqE1vEjnFMcTh3RoE2JSE", "5vLYnaDalhNb5lwBwr8z0j" ],
      "contextAttributes" : [ {
        "name" : "id",
        "value" : "@1"
      } ],
      "additionalInfo" : {
        "description" : "mapping task description",
        "contentType" : "JSON",
        "documentState" : "VALID"
      }
    }
  }, {
    "objectGuid" : "i4J0hMPDccgd3UCjibohg5",
    "objectName" : "INFA_Generic_Cloud_Service_Mapping",
    "objectType" : "DTEMPLATE",
    "path" : "/Explore/Default",
    "metadata" : {
      "modelVersion" : {
        "major" : 0,
        "minor" : 0
      },
      "repoInfo" : {
        "repoHandle" : "015UBT17000000000002"
      },
      "objectRefs" : [ ],
      "contextAttributes" : [ {
        "name" : "id",
        "value" : "@1"
      } ],
      "additionalInfo" : {
        "description" : "",
        "contentType" : "JSON",
        "documentState" : "VALID"
      }
    }
  }, {
    "objectGuid" : "4tTSIK0vWWRlrta5d3qbm1",
    "objectName" : "iics_perf_reg_MappingTask_100_assets_44",
    "objectType" : "MTT",
    "path" : "/Explore/100Mappingtasks",
    "metadata" : {
      "modelVersion" : {
        "major" : 0,
        "minor" : 0
      },
      "repoInfo" : {
        "repoHandle" : "015UBT0Z00000000000J"
      },
      "objectRefs" : [ "6PSsdpWTsGxhvh962Dd1Y7", "kZJ7sU2oMkUdVTXOIlHKa9", "3uqE1vEjnFMcTh3RoE2JSE", "5vLYnaDalhNb5lwBwr8z0j" ],
      "contextAttributes" : [ {
        "name" : "id",
        "value" : "@1"
      } ],
      "additionalInfo" : {
        "description" : "mapping task description",
        "contentType" : "JSON",
        "documentState" : "VALID"
      }
    }
  }, {
    "objectGuid" : "8RNy5yoZqmSlpn8e7NU98y",
    "objectName" : "iics_perf_reg_MappingTask_100_assets_19",
    "objectType" : "MTT",
    "path" : "/Explore/100Mappingtasks",
    "metadata" : {
      "modelVersion" : {
        "major" : 0,
        "minor" : 0
      },
      "repoInfo" : {
        "repoHandle" : "015UBT0Z00000000002A"
      },
      "objectRefs" : [ "6PSsdpWTsGxhvh962Dd1Y7", "kZJ7sU2oMkUdVTXOIlHKa9", "3uqE1vEjnFMcTh3RoE2JSE", "5vLYnaDalhNb5lwBwr8z0j" ],
      "contextAttributes" : [ {
        "name" : "id",
        "value" : "@1"
      } ],
      "additionalInfo" : {
        "description" : "mapping task description",
        "contentType" : "JSON",
        "documentState" : "VALID"
      }
    }
  }, {
    "objectGuid" : "hjRS6ZSCJCkjcPaNqieFoO",
    "objectName" : "iics_perf_reg_MappingTask_100_assets_89",
    "objectType" : "MTT",
    "path" : "/Explore/100Mappingtasks",
    "metadata" : {
      "modelVersion" : {
        "major" : 0,
        "minor" : 0
      },
      "repoInfo" : {
        "repoHandle" : "015UBT0Z00000000000R"
      },
      "objectRefs" : [ "6PSsdpWTsGxhvh962Dd1Y7", "kZJ7sU2oMkUdVTXOIlHKa9", "3uqE1vEjnFMcTh3RoE2JSE", "5vLYnaDalhNb5lwBwr8z0j" ],
      "contextAttributes" : [ {
        "name" : "id",
        "value" : "@1"
      } ],
      "additionalInfo" : {
        "description" : "mapping task description",
        "contentType" : "JSON",
        "documentState" : "VALID"
      }
    }
  }, {
    "objectGuid" : "3uqE1vEjnFMcTh3RoE2JSE",
    "objectName" : "PerfTestAgentGroup",
    "objectType" : "AgentGroup",
    "path" : "/SYS",
    "metadata" : {
      "modelVersion" : {
        "major" : 0,
        "minor" : 0
      },
      "repoInfo" : {
        "repoHandle" : "015UBT25000000000002"
      },
      "objectRefs" : [ ],
      "contextAttributes" : [ {
        "name" : "id",
        "value" : "@1"
      } ],
      "additionalInfo" : {
        "description" : null,
        "contentType" : "JSON",
        "documentState" : "VALID"
      }
    }
  }, {
    "objectGuid" : "2ELBIN62qSwiyXstlMIYUq",
    "objectName" : "iics_perf_reg_MappingTask_100_assets_72",
    "objectType" : "MTT",
    "path" : "/Explore/100Mappingtasks",
    "metadata" : {
      "modelVersion" : {
        "major" : 0,
        "minor" : 0
      },
      "repoInfo" : {
        "repoHandle" : "015UBT0Z000000000011"
      },
      "objectRefs" : [ "6PSsdpWTsGxhvh962Dd1Y7", "kZJ7sU2oMkUdVTXOIlHKa9", "3uqE1vEjnFMcTh3RoE2JSE", "5vLYnaDalhNb5lwBwr8z0j" ],
      "contextAttributes" : [ {
        "name" : "id",
        "value" : "@1"
      } ],
      "additionalInfo" : {
        "description" : "mapping task description",
        "contentType" : "JSON",
        "documentState" : "VALID"
      }
    }
  }, {
    "objectGuid" : "1L4m7Lr3EFZj6diyGxtU0c",
    "objectName" : "iics_perf_reg_MappingTask_100_assets_79",
    "objectType" : "MTT",
    "path" : "/Explore/100Mappingtasks",
    "metadata" : {
      "modelVersion" : {
        "major" : 0,
        "minor" : 0
      },
      "repoInfo" : {
        "repoHandle" : "015UBT0Z000000000017"
      },
      "objectRefs" : [ "6PSsdpWTsGxhvh962Dd1Y7", "kZJ7sU2oMkUdVTXOIlHKa9", "3uqE1vEjnFMcTh3RoE2JSE", "5vLYnaDalhNb5lwBwr8z0j" ],
      "contextAttributes" : [ {
        "name" : "id",
        "value" : "@1"
      } ],
      "additionalInfo" : {
        "description" : "mapping task description",
        "contentType" : "JSON",
        "documentState" : "VALID"
      }
    }
  }, {
    "objectGuid" : "1pgk1RJTWf6eVqWHh2bFoW",
    "objectName" : "iics_perf_reg_MappingTask_100_assets_37",
    "objectType" : "MTT",
    "path" : "/Explore/100Mappingtasks",
    "metadata" : {
      "modelVersion" : {
        "major" : 0,
        "minor" : 0
      },
      "repoInfo" : {
        "repoHandle" : "015UBT0Z00000000000S"
      },
      "objectRefs" : [ "6PSsdpWTsGxhvh962Dd1Y7", "kZJ7sU2oMkUdVTXOIlHKa9", "3uqE1vEjnFMcTh3RoE2JSE", "5vLYnaDalhNb5lwBwr8z0j" ],
      "contextAttributes" : [ {
        "name" : "id",
        "value" : "@1"
      } ],
      "additionalInfo" : {
        "description" : "mapping task description",
        "contentType" : "JSON",
        "documentState" : "VALID"
      }
    }
  }, {
    "objectGuid" : "bQQFnh40KAshBZQCjbc9q6",
    "objectName" : "iics_perf_reg_MappingTask_100_assets_81",
    "objectType" : "MTT",
    "path" : "/Explore/100Mappingtasks",
    "metadata" : {
      "modelVersion" : {
        "major" : 0,
        "minor" : 0
      },
      "repoInfo" : {
        "repoHandle" : "015UBT0Z000000000012"
      },
      "objectRefs" : [ "6PSsdpWTsGxhvh962Dd1Y7", "kZJ7sU2oMkUdVTXOIlHKa9", "3uqE1vEjnFMcTh3RoE2JSE", "5vLYnaDalhNb5lwBwr8z0j" ],
      "contextAttributes" : [ {
        "name" : "id",
        "value" : "@1"
      } ],
      "additionalInfo" : {
        "description" : "mapping task description",
        "contentType" : "JSON",
        "documentState" : "VALID"
      }
    }
  }, {
    "objectGuid" : "3CzG4O2IswYftIWB5wSlA4",
    "objectName" : "iics_perf_reg_MappingTask_100_assets_70",
    "objectType" : "MTT",
    "path" : "/Explore/100Mappingtasks",
    "metadata" : {
      "modelVersion" : {
        "major" : 0,
        "minor" : 0
      },
      "repoInfo" : {
        "repoHandle" : "015UBT0Z00000000001Q"
      },
      "objectRefs" : [ "6PSsdpWTsGxhvh962Dd1Y7", "kZJ7sU2oMkUdVTXOIlHKa9", "3uqE1vEjnFMcTh3RoE2JSE", "5vLYnaDalhNb5lwBwr8z0j" ],
      "contextAttributes" : [ {
        "name" : "id",
        "value" : "@1"
      } ],
      "additionalInfo" : {
        "description" : "mapping task description",
        "contentType" : "JSON",
        "documentState" : "VALID"
      }
    }
  }, {
    "objectGuid" : "c4i7TDdLDIWkCkbQQqT5qB",
    "objectName" : "iics_perf_reg_MappingTask_100_assets_47",
    "objectType" : "MTT",
    "path" : "/Explore/100Mappingtasks",
    "metadata" : {
      "modelVersion" : {
        "major" : 0,
        "minor" : 0
      },
      "repoInfo" : {
        "repoHandle" : "015UBT0Z000000000021"
      },
      "objectRefs" : [ "6PSsdpWTsGxhvh962Dd1Y7", "kZJ7sU2oMkUdVTXOIlHKa9", "3uqE1vEjnFMcTh3RoE2JSE", "5vLYnaDalhNb5lwBwr8z0j" ],
      "contextAttributes" : [ {
        "name" : "id",
        "value" : "@1"
      } ],
      "additionalInfo" : {
        "description" : "mapping task description",
        "contentType" : "JSON",
        "documentState" : "VALID"
      }
    }
  }, {
    "objectGuid" : "6PSsdpWTsGxhvh962Dd1Y7",
    "objectName" : "Connection_1",
    "objectType" : "Connection",
    "path" : "/SYS",
    "metadata" : {
      "modelVersion" : {
        "major" : 0,
        "minor" : 0
      },
      "repoInfo" : {
        "repoHandle" : "015UBT0B000000000002"
      },
      "objectRefs" : [ "3uqE1vEjnFMcTh3RoE2JSE" ],
      "contextAttributes" : [ {
        "name" : "id",
        "value" : "@1"
      } ],
      "additionalInfo" : {
        "description" : "Connection_1",
        "contentType" : "JSON",
        "documentState" : "COMPLETE"
      }
    }
  }, {
    "objectGuid" : "83DuBQGZqlZbFeVhzMNyyQ",
    "objectName" : "iics_perf_reg_MappingTask_100_assets_46",
    "objectType" : "MTT",
    "path" : "/Explore/100Mappingtasks",
    "metadata" : {
      "modelVersion" : {
        "major" : 0,
        "minor" : 0
      },
      "repoInfo" : {
        "repoHandle" : "015UBT0Z00000000002M"
      },
      "objectRefs" : [ "6PSsdpWTsGxhvh962Dd1Y7", "kZJ7sU2oMkUdVTXOIlHKa9", "3uqE1vEjnFMcTh3RoE2JSE", "5vLYnaDalhNb5lwBwr8z0j" ],
      "contextAttributes" : [ {
        "name" : "id",
        "value" : "@1"
      } ],
      "additionalInfo" : {
        "description" : "mapping task description",
        "contentType" : "JSON",
        "documentState" : "VALID"
      }
    }
  }, {
    "objectGuid" : "96C8559GaE8cEPVnkcAFEU",
    "objectName" : "iics_perf_reg_MappingTask_100_assets_62",
    "objectType" : "MTT",
    "path" : "/Explore/100Mappingtasks",
    "metadata" : {
      "modelVersion" : {
        "major" : 0,
        "minor" : 0
      },
      "repoInfo" : {
        "repoHandle" : "015UBT0Z000000000027"
      },
      "objectRefs" : [ "6PSsdpWTsGxhvh962Dd1Y7", "kZJ7sU2oMkUdVTXOIlHKa9", "3uqE1vEjnFMcTh3RoE2JSE", "5vLYnaDalhNb5lwBwr8z0j" ],
      "contextAttributes" : [ {
        "name" : "id",
        "value" : "@1"
      } ],
      "additionalInfo" : {
        "description" : "mapping task description",
        "contentType" : "JSON",
        "documentState" : "VALID"
      }
    }
  }, {
    "objectGuid" : "0YnBNi6IFNplEocdVq4NGb",
    "objectName" : "iics_perf_reg_MappingTask_100_assets_100",
    "objectType" : "MTT",
    "path" : "/Explore/100Mappingtasks",
    "metadata" : {
      "modelVersion" : {
        "major" : 0,
        "minor" : 0
      },
      "repoInfo" : {
        "repoHandle" : "015UBT0Z00000000000K"
      },
      "objectRefs" : [ "6PSsdpWTsGxhvh962Dd1Y7", "kZJ7sU2oMkUdVTXOIlHKa9", "3uqE1vEjnFMcTh3RoE2JSE", "5vLYnaDalhNb5lwBwr8z0j" ],
      "contextAttributes" : [ {
        "name" : "id",
        "value" : "@1"
      } ],
      "additionalInfo" : {
        "description" : "mapping task description",
        "contentType" : "JSON",
        "documentState" : "VALID"
      }
    }
  }, {
    "objectGuid" : "130c6Mgn99piXL0te8S44m",
    "objectName" : "iics_perf_reg_MappingTask_100_assets_20",
    "objectType" : "MTT",
    "path" : "/Explore/100Mappingtasks",
    "metadata" : {
      "modelVersion" : {
        "major" : 0,
        "minor" : 0
      },
      "repoInfo" : {
        "repoHandle" : "015UBT0Z00000000001V"
      },
      "objectRefs" : [ "6PSsdpWTsGxhvh962Dd1Y7", "kZJ7sU2oMkUdVTXOIlHKa9", "3uqE1vEjnFMcTh3RoE2JSE", "5vLYnaDalhNb5lwBwr8z0j" ],
      "contextAttributes" : [ {
        "name" : "id",
        "value" : "@1"
      } ],
      "additionalInfo" : {
        "description" : "mapping task description",
        "contentType" : "JSON",
        "documentState" : "VALID"
      }
    }
  }, {
    "objectGuid" : "gJ4lLumDEWUdxalmQNqpcu",
    "objectName" : "iics_perf_reg_MappingTask_100_assets_33",
    "objectType" : "MTT",
    "path" : "/Explore/100Mappingtasks",
    "metadata" : {
      "modelVersion" : {
        "major" : 0,
        "minor" : 0
      },
      "repoInfo" : {
        "repoHandle" : "015UBT0Z00000000000C"
      },
      "objectRefs" : [ "6PSsdpWTsGxhvh962Dd1Y7", "kZJ7sU2oMkUdVTXOIlHKa9", "3uqE1vEjnFMcTh3RoE2JSE", "5vLYnaDalhNb5lwBwr8z0j" ],
      "contextAttributes" : [ {
        "name" : "id",
        "value" : "@1"
      } ],
      "additionalInfo" : {
        "description" : "mapping task description",
        "contentType" : "JSON",
        "documentState" : "VALID"
      }
    }
  }, {
    "objectGuid" : "1j1QViPfNocbpfbh8MffuB",
    "objectName" : "iics_perf_reg_MappingTask_100_assets_48",
    "objectType" : "MTT",
    "path" : "/Explore/100Mappingtasks",
    "metadata" : {
      "modelVersion" : {
        "major" : 0,
        "minor" : 0
      },
      "repoInfo" : {
        "repoHandle" : "015UBT0Z000000000008"
      },
      "objectRefs" : [ "6PSsdpWTsGxhvh962Dd1Y7", "kZJ7sU2oMkUdVTXOIlHKa9", "3uqE1vEjnFMcTh3RoE2JSE", "5vLYnaDalhNb5lwBwr8z0j" ],
      "contextAttributes" : [ {
        "name" : "id",
        "value" : "@1"
      } ],
      "additionalInfo" : {
        "description" : "mapping task description",
        "contentType" : "JSON",
        "documentState" : "VALID"
      }
    }
  }, {
    "objectGuid" : "0BIUIIjOusehdY0nH7ZPKT",
    "objectName" : "iics_perf_reg_MappingTask_100_assets_27",
    "objectType" : "MTT",
    "path" : "/Explore/100Mappingtasks",
    "metadata" : {
      "modelVersion" : {
        "major" : 0,
        "minor" : 0
      },
      "repoInfo" : {
        "repoHandle" : "015UBT0Z00000000001B"
      },
      "objectRefs" : [ "6PSsdpWTsGxhvh962Dd1Y7", "kZJ7sU2oMkUdVTXOIlHKa9", "3uqE1vEjnFMcTh3RoE2JSE", "5vLYnaDalhNb5lwBwr8z0j" ],
      "contextAttributes" : [ {
        "name" : "id",
        "value" : "@1"
      } ],
      "additionalInfo" : {
        "description" : "mapping task description",
        "contentType" : "JSON",
        "documentState" : "VALID"
      }
    }
  }, {
    "objectGuid" : "8Va2NabdGEagjzFj25A48Q",
    "objectName" : "iics_perf_reg_MappingTask_100_assets_85",
    "objectType" : "MTT",
    "path" : "/Explore/100Mappingtasks",
    "metadata" : {
      "modelVersion" : {
        "major" : 0,
        "minor" : 0
      },
      "repoInfo" : {
        "repoHandle" : "015UBT0Z000000000014"
      },
      "objectRefs" : [ "6PSsdpWTsGxhvh962Dd1Y7", "kZJ7sU2oMkUdVTXOIlHKa9", "3uqE1vEjnFMcTh3RoE2JSE", "5vLYnaDalhNb5lwBwr8z0j" ],
      "contextAttributes" : [ {
        "name" : "id",
        "value" : "@1"
      } ],
      "additionalInfo" : {
        "description" : "mapping task description",
        "contentType" : "JSON",
        "documentState" : "VALID"
      }
    }
  }, {
    "objectGuid" : "l2bhFq2H8GNk0irIDDjt8u",
    "objectName" : "iics_perf_reg_MappingTask_100_assets_10",
    "objectType" : "MTT",
    "path" : "/Explore/100Mappingtasks",
    "metadata" : {
      "modelVersion" : {
        "major" : 0,
        "minor" : 0
      },
      "repoInfo" : {
        "repoHandle" : "015UBT0Z00000000001N"
      },
      "objectRefs" : [ "6PSsdpWTsGxhvh962Dd1Y7", "kZJ7sU2oMkUdVTXOIlHKa9", "3uqE1vEjnFMcTh3RoE2JSE", "5vLYnaDalhNb5lwBwr8z0j" ],
      "contextAttributes" : [ {
        "name" : "id",
        "value" : "@1"
      } ],
      "additionalInfo" : {
        "description" : "mapping task description",
        "contentType" : "JSON",
        "documentState" : "VALID"
      }
    }
  }, {
    "objectGuid" : "7ARUJwZL6EOdWyVWYDuMa0",
    "objectName" : "iics_perf_reg_MappingTask_100_assets_39",
    "objectType" : "MTT",
    "path" : "/Explore/100Mappingtasks",
    "metadata" : {
      "modelVersion" : {
        "major" : 0,
        "minor" : 0
      },
      "repoInfo" : {
        "repoHandle" : "015UBT0Z00000000000G"
      },
      "objectRefs" : [ "6PSsdpWTsGxhvh962Dd1Y7", "kZJ7sU2oMkUdVTXOIlHKa9", "3uqE1vEjnFMcTh3RoE2JSE", "5vLYnaDalhNb5lwBwr8z0j" ],
      "contextAttributes" : [ {
        "name" : "id",
        "value" : "@1"
      } ],
      "additionalInfo" : {
        "description" : "mapping task description",
        "contentType" : "JSON",
        "documentState" : "VALID"
      }
    }
  }, {
    "objectGuid" : "kP7LCJ9sekxjQiflJa6FQi",
    "objectName" : "iics_perf_reg_MappingTask_100_assets_86",
    "objectType" : "MTT",
    "path" : "/Explore/100Mappingtasks",
    "metadata" : {
      "modelVersion" : {
        "major" : 0,
        "minor" : 0
      },
      "repoInfo" : {
        "repoHandle" : "015UBT0Z000000000004"
      },
      "objectRefs" : [ "6PSsdpWTsGxhvh962Dd1Y7", "kZJ7sU2oMkUdVTXOIlHKa9", "3uqE1vEjnFMcTh3RoE2JSE", "5vLYnaDalhNb5lwBwr8z0j" ],
      "contextAttributes" : [ {
        "name" : "id",
        "value" : "@1"
      } ],
      "additionalInfo" : {
        "description" : "mapping task description",
        "contentType" : "JSON",
        "documentState" : "VALID"
      }
    }
  }, {
    "objectGuid" : "5vLYnaDalhNb5lwBwr8z0j",
    "objectName" : "conn",
    "objectType" : "Connection",
    "path" : "/SYS",
    "metadata" : {
      "modelVersion" : {
        "major" : 0,
        "minor" : 0
      },
      "repoInfo" : {
        "repoHandle" : "015UBT0B000000000003"
      },
      "objectRefs" : [ "3uqE1vEjnFMcTh3RoE2JSE" ],
      "contextAttributes" : [ {
        "name" : "id",
        "value" : "@1"
      } ],
      "additionalInfo" : {
        "description" : null,
        "contentType" : "JSON",
        "documentState" : "COMPLETE"
      }
    }
  }, {
    "objectGuid" : "91YWwVW9iYHjHYAhPpNoEC",
    "objectName" : "iics_perf_reg_MappingTask_100_assets_51",
    "objectType" : "MTT",
    "path" : "/Explore/100Mappingtasks",
    "metadata" : {
      "modelVersion" : {
        "major" : 0,
        "minor" : 0
      },
      "repoInfo" : {
        "repoHandle" : "015UBT0Z00000000000E"
      },
      "objectRefs" : [ "6PSsdpWTsGxhvh962Dd1Y7", "kZJ7sU2oMkUdVTXOIlHKa9", "3uqE1vEjnFMcTh3RoE2JSE", "5vLYnaDalhNb5lwBwr8z0j" ],
      "contextAttributes" : [ {
        "name" : "id",
        "value" : "@1"
      } ],
      "additionalInfo" : {
        "description" : "mapping task description",
        "contentType" : "JSON",
        "documentState" : "VALID"
      }
    }
  }, {
    "objectGuid" : "20qInHcO7LQl8J4njWYbgG",
    "objectName" : "iics_perf_reg_MappingTask_100_assets_65",
    "objectType" : "MTT",
    "path" : "/Explore/100Mappingtasks",
    "metadata" : {
      "modelVersion" : {
        "major" : 0,
        "minor" : 0
      },
      "repoInfo" : {
        "repoHandle" : "015UBT0Z000000000020"
      },
      "objectRefs" : [ "6PSsdpWTsGxhvh962Dd1Y7", "kZJ7sU2oMkUdVTXOIlHKa9", "3uqE1vEjnFMcTh3RoE2JSE", "5vLYnaDalhNb5lwBwr8z0j" ],
      "contextAttributes" : [ {
        "name" : "id",
        "value" : "@1"
      } ],
      "additionalInfo" : {
        "description" : "mapping task description",
        "contentType" : "JSON",
        "documentState" : "VALID"
      }
    }
  }, {
    "objectGuid" : "0D1TvD18kIddNBBdrburwG",
    "objectName" : "iics_perf_reg_MappingTask_100_assets_57",
    "objectType" : "MTT",
    "path" : "/Explore/100Mappingtasks",
    "metadata" : {
      "modelVersion" : {
        "major" : 0,
        "minor" : 0
      },
      "repoInfo" : {
        "repoHandle" : "015UBT0Z00000000001D"
      },
      "objectRefs" : [ "6PSsdpWTsGxhvh962Dd1Y7", "kZJ7sU2oMkUdVTXOIlHKa9", "3uqE1vEjnFMcTh3RoE2JSE", "5vLYnaDalhNb5lwBwr8z0j" ],
      "contextAttributes" : [ {
        "name" : "id",
        "value" : "@1"
      } ],
      "additionalInfo" : {
        "description" : "mapping task description",
        "contentType" : "JSON",
        "documentState" : "VALID"
      }
    }
  }, {
    "objectGuid" : "1bLTzNpoBgqhLNU5xHiW85",
    "objectName" : "iics_perf_reg_MappingTask_100_assets_32",
    "objectType" : "MTT",
    "path" : "/Explore/100Mappingtasks",
    "metadata" : {
      "modelVersion" : {
        "major" : 0,
        "minor" : 0
      },
      "repoInfo" : {
        "repoHandle" : "015UBT0Z00000000000M"
      },
      "objectRefs" : [ "6PSsdpWTsGxhvh962Dd1Y7", "kZJ7sU2oMkUdVTXOIlHKa9", "3uqE1vEjnFMcTh3RoE2JSE", "5vLYnaDalhNb5lwBwr8z0j" ],
      "contextAttributes" : [ {
        "name" : "id",
        "value" : "@1"
      } ],
      "additionalInfo" : {
        "description" : "mapping task description",
        "contentType" : "JSON",
        "documentState" : "VALID"
      }
    }
  }, {
    "objectGuid" : "fKVVJg8IVOgeH6S274ZjkW",
    "objectName" : "iics_perf_reg_MappingTask_100_assets_76",
    "objectType" : "MTT",
    "path" : "/Explore/100Mappingtasks",
    "metadata" : {
      "modelVersion" : {
        "major" : 0,
        "minor" : 0
      },
      "repoInfo" : {
        "repoHandle" : "015UBT0Z00000000002P"
      },
      "objectRefs" : [ "6PSsdpWTsGxhvh962Dd1Y7", "kZJ7sU2oMkUdVTXOIlHKa9", "3uqE1vEjnFMcTh3RoE2JSE", "5vLYnaDalhNb5lwBwr8z0j" ],
      "contextAttributes" : [ {
        "name" : "id",
        "value" : "@1"
      } ],
      "additionalInfo" : {
        "description" : "mapping task description",
        "contentType" : "JSON",
        "documentState" : "VALID"
      }
    }
  }, {
    "objectGuid" : "4bQYCXXA5GXjsmy6dA0t01",
    "objectName" : "iics_perf_reg_MappingTask_100_assets_15",
    "objectType" : "MTT",
    "path" : "/Explore/100Mappingtasks",
    "metadata" : {
      "modelVersion" : {
        "major" : 0,
        "minor" : 0
      },
      "repoInfo" : {
        "repoHandle" : "015UBT0Z000000000026"
      },
      "objectRefs" : [ "6PSsdpWTsGxhvh962Dd1Y7", "kZJ7sU2oMkUdVTXOIlHKa9", "3uqE1vEjnFMcTh3RoE2JSE", "5vLYnaDalhNb5lwBwr8z0j" ],
      "contextAttributes" : [ {
        "name" : "id",
        "value" : "@1"
      } ],
      "additionalInfo" : {
        "description" : "mapping task description",
        "contentType" : "JSON",
        "documentState" : "VALID"
      }
    }
  }, {
    "objectGuid" : "gRqIVwbwtqndkD1Sa8M4uW",
    "objectName" : "iics_perf_reg_MappingTask_100_assets_22",
    "objectType" : "MTT",
    "path" : "/Explore/100Mappingtasks",
    "metadata" : {
      "modelVersion" : {
        "major" : 0,
        "minor" : 0
      },
      "repoInfo" : {
        "repoHandle" : "015UBT0Z00000000001Y"
      },
      "objectRefs" : [ "6PSsdpWTsGxhvh962Dd1Y7", "kZJ7sU2oMkUdVTXOIlHKa9", "3uqE1vEjnFMcTh3RoE2JSE", "5vLYnaDalhNb5lwBwr8z0j" ],
      "contextAttributes" : [ {
        "name" : "id",
        "value" : "@1"
      } ],
      "additionalInfo" : {
        "description" : "mapping task description",
        "contentType" : "JSON",
        "documentState" : "VALID"
      }
    }
  }, {
    "objectGuid" : "59Wn16GLfo3kwMztxd73c2",
    "objectName" : "iics_perf_reg_MappingTask_100_assets_94",
    "objectType" : "MTT",
    "path" : "/Explore/100Mappingtasks",
    "metadata" : {
      "modelVersion" : {
        "major" : 0,
        "minor" : 0
      },
      "repoInfo" : {
        "repoHandle" : "015UBT0Z000000000003"
      },
      "objectRefs" : [ "6PSsdpWTsGxhvh962Dd1Y7", "kZJ7sU2oMkUdVTXOIlHKa9", "3uqE1vEjnFMcTh3RoE2JSE", "5vLYnaDalhNb5lwBwr8z0j" ],
      "contextAttributes" : [ {
        "name" : "id",
        "value" : "@1"
      } ],
      "additionalInfo" : {
        "description" : "mapping task description",
        "contentType" : "JSON",
        "documentState" : "VALID"
      }
    }
  }, {
    "objectGuid" : "5x5XFlQk6qcl44A6KO8smf",
    "objectName" : "iics_perf_reg_MappingTask_100_assets_16",
    "objectType" : "MTT",
    "path" : "/Explore/100Mappingtasks",
    "metadata" : {
      "modelVersion" : {
        "major" : 0,
        "minor" : 0
      },
      "repoInfo" : {
        "repoHandle" : "015UBT0Z000000000009"
      },
      "objectRefs" : [ "6PSsdpWTsGxhvh962Dd1Y7", "kZJ7sU2oMkUdVTXOIlHKa9", "3uqE1vEjnFMcTh3RoE2JSE", "5vLYnaDalhNb5lwBwr8z0j" ],
      "contextAttributes" : [ {
        "name" : "id",
        "value" : "@1"
      } ],
      "additionalInfo" : {
        "description" : "mapping task description",
        "contentType" : "JSON",
        "documentState" : "VALID"
      }
    }
  }, {
    "objectGuid" : "aVxDPAe7ikKlpO8rtUMS4k",
    "objectName" : "iics_perf_reg_MappingTask_100_assets_25",
    "objectType" : "MTT",
    "path" : "/Explore/100Mappingtasks",
    "metadata" : {
      "modelVersion" : {
        "major" : 0,
        "minor" : 0
      },
      "repoInfo" : {
        "repoHandle" : "015UBT0Z000000000006"
      },
      "objectRefs" : [ "6PSsdpWTsGxhvh962Dd1Y7", "kZJ7sU2oMkUdVTXOIlHKa9", "3uqE1vEjnFMcTh3RoE2JSE", "5vLYnaDalhNb5lwBwr8z0j" ],
      "contextAttributes" : [ {
        "name" : "id",
        "value" : "@1"
      } ],
      "additionalInfo" : {
        "description" : "mapping task description",
        "contentType" : "JSON",
        "documentState" : "VALID"
      }
    }
  }, {
    "objectGuid" : "3EVGMbV8Wcrl3fNiDVlwoU",
    "objectName" : "iics_perf_reg_MappingTask_100_assets_49",
    "objectType" : "MTT",
    "path" : "/Explore/100Mappingtasks",
    "metadata" : {
      "modelVersion" : {
        "major" : 0,
        "minor" : 0
      },
      "repoInfo" : {
        "repoHandle" : "015UBT0Z00000000000Y"
      },
      "objectRefs" : [ "6PSsdpWTsGxhvh962Dd1Y7", "kZJ7sU2oMkUdVTXOIlHKa9", "3uqE1vEjnFMcTh3RoE2JSE", "5vLYnaDalhNb5lwBwr8z0j" ],
      "contextAttributes" : [ {
        "name" : "id",
        "value" : "@1"
      } ],
      "additionalInfo" : {
        "description" : "mapping task description",
        "contentType" : "JSON",
        "documentState" : "VALID"
      }
    }
  }, {
    "objectGuid" : "3NAZoqtQa6Xer2w7X7SdGb",
    "objectName" : "iics_perf_reg_MappingTask_100_assets_43",
    "objectType" : "MTT",
    "path" : "/Explore/100Mappingtasks",
    "metadata" : {
      "modelVersion" : {
        "major" : 0,
        "minor" : 0
      },
      "repoInfo" : {
        "repoHandle" : "015UBT0Z000000000018"
      },
      "objectRefs" : [ "6PSsdpWTsGxhvh962Dd1Y7", "kZJ7sU2oMkUdVTXOIlHKa9", "3uqE1vEjnFMcTh3RoE2JSE", "5vLYnaDalhNb5lwBwr8z0j" ],
      "contextAttributes" : [ {
        "name" : "id",
        "value" : "@1"
      } ],
      "additionalInfo" : {
        "description" : "mapping task description",
        "contentType" : "JSON",
        "documentState" : "VALID"
      }
    }
  }, {
    "objectGuid" : "7dxQq73GYygfQG8opxfEUc",
    "objectName" : "iics_perf_reg_MappingTask_100_assets_38",
    "objectType" : "MTT",
    "path" : "/Explore/100Mappingtasks",
    "metadata" : {
      "modelVersion" : {
        "major" : 0,
        "minor" : 0
      },
      "repoInfo" : {
        "repoHandle" : "015UBT0Z00000000001R"
      },
      "objectRefs" : [ "6PSsdpWTsGxhvh962Dd1Y7", "kZJ7sU2oMkUdVTXOIlHKa9", "3uqE1vEjnFMcTh3RoE2JSE", "5vLYnaDalhNb5lwBwr8z0j" ],
      "contextAttributes" : [ {
        "name" : "id",
        "value" : "@1"
      } ],
      "additionalInfo" : {
        "description" : "mapping task description",
        "contentType" : "JSON",
        "documentState" : "VALID"
      }
    }
  }, {
    "objectGuid" : "8vGCyVsX6eodm3L63NeQAb",
    "objectName" : "iics_perf_reg_MappingTask_100_assets_96",
    "objectType" : "MTT",
    "path" : "/Explore/100Mappingtasks",
    "metadata" : {
      "modelVersion" : {
        "major" : 0,
        "minor" : 0
      },
      "repoInfo" : {
        "repoHandle" : "015UBT0Z00000000001M"
      },
      "objectRefs" : [ "6PSsdpWTsGxhvh962Dd1Y7", "kZJ7sU2oMkUdVTXOIlHKa9", "3uqE1vEjnFMcTh3RoE2JSE", "5vLYnaDalhNb5lwBwr8z0j" ],
      "contextAttributes" : [ {
        "name" : "id",
        "value" : "@1"
      } ],
      "additionalInfo" : {
        "description" : "mapping task description",
        "contentType" : "JSON",
        "documentState" : "VALID"
      }
    }
  }, {
    "objectGuid" : "6h5olgh52gfh7RBrQrR0O4",
    "objectName" : "iics_perf_reg_MappingTask_100_assets_28",
    "objectType" : "MTT",
    "path" : "/Explore/100Mappingtasks",
    "metadata" : {
      "modelVersion" : {
        "major" : 0,
        "minor" : 0
      },
      "repoInfo" : {
        "repoHandle" : "015UBT0Z00000000001U"
      },
      "objectRefs" : [ "6PSsdpWTsGxhvh962Dd1Y7", "kZJ7sU2oMkUdVTXOIlHKa9", "3uqE1vEjnFMcTh3RoE2JSE", "5vLYnaDalhNb5lwBwr8z0j" ],
      "contextAttributes" : [ {
        "name" : "id",
        "value" : "@1"
      } ],
      "additionalInfo" : {
        "description" : "mapping task description",
        "contentType" : "JSON",
        "documentState" : "VALID"
      }
    }
  }, {
    "objectGuid" : "awWb8ARdyIYgc2KjDEaTSG",
    "objectName" : "iics_perf_reg_MappingTask_100_assets_21",
    "objectType" : "MTT",
    "path" : "/Explore/100Mappingtasks",
    "metadata" : {
      "modelVersion" : {
        "major" : 0,
        "minor" : 0
      },
      "repoInfo" : {
        "repoHandle" : "015UBT0Z00000000002T"
      },
      "objectRefs" : [ "6PSsdpWTsGxhvh962Dd1Y7", "kZJ7sU2oMkUdVTXOIlHKa9", "3uqE1vEjnFMcTh3RoE2JSE", "5vLYnaDalhNb5lwBwr8z0j" ],
      "contextAttributes" : [ {
        "name" : "id",
        "value" : "@1"
      } ],
      "additionalInfo" : {
        "description" : "mapping task description",
        "contentType" : "JSON",
        "documentState" : "VALID"
      }
    }
  }, {
    "objectGuid" : "61eYG33smORlPndFVE2WOU",
    "objectName" : "iics_perf_reg_MappingTask_100_assets_91",
    "objectType" : "MTT",
    "path" : "/Explore/100Mappingtasks",
    "metadata" : {
      "modelVersion" : {
        "major" : 0,
        "minor" : 0
      },
      "repoInfo" : {
        "repoHandle" : "015UBT0Z00000000002G"
      },
      "objectRefs" : [ "6PSsdpWTsGxhvh962Dd1Y7", "kZJ7sU2oMkUdVTXOIlHKa9", "3uqE1vEjnFMcTh3RoE2JSE", "5vLYnaDalhNb5lwBwr8z0j" ],
      "contextAttributes" : [ {
        "name" : "id",
        "value" : "@1"
      } ],
      "additionalInfo" : {
        "description" : "mapping task description",
        "contentType" : "JSON",
        "documentState" : "VALID"
      }
    }
  }, {
    "objectGuid" : "kZJ7sU2oMkUdVTXOIlHKa9",
    "objectName" : "Mapping2",
    "objectType" : "DTEMPLATE",
    "path" : "/Explore/100Mappingtasks",
    "metadata" : {
      "modelVersion" : {
        "major" : 0,
        "minor" : 0
      },
      "repoInfo" : {
        "repoHandle" : "015UBT17000000000003"
      },
      "objectRefs" : [ "6PSsdpWTsGxhvh962Dd1Y7", "5vLYnaDalhNb5lwBwr8z0j" ],
      "contextAttributes" : [ {
        "name" : "id",
        "value" : "@1"
      } ],
      "additionalInfo" : {
        "description" : "",
        "contentType" : "JSON",
        "documentState" : "VALID"
      }
    }
  }, {
    "objectGuid" : "16Yw3Tow5DlfkJsXeaGKua",
    "objectName" : "iics_perf_reg_MappingTask_100_assets_11",
    "objectType" : "MTT",
    "path" : "/Explore/100Mappingtasks",
    "metadata" : {
      "modelVersion" : {
        "major" : 0,
        "minor" : 0
      },
      "repoInfo" : {
        "repoHandle" : "015UBT0Z00000000001G"
      },
      "objectRefs" : [ "6PSsdpWTsGxhvh962Dd1Y7", "kZJ7sU2oMkUdVTXOIlHKa9", "3uqE1vEjnFMcTh3RoE2JSE", "5vLYnaDalhNb5lwBwr8z0j" ],
      "contextAttributes" : [ {
        "name" : "id",
        "value" : "@1"
      } ],
      "additionalInfo" : {
        "description" : "mapping task description",
        "contentType" : "JSON",
        "documentState" : "VALID"
      }
    }
  }, {
    "objectGuid" : "jbgmBkNoMKTcH5rjjaDouZ",
    "objectName" : "iics_perf_reg_MappingTask_100_assets_34",
    "objectType" : "MTT",
    "path" : "/Explore/100Mappingtasks",
    "metadata" : {
      "modelVersion" : {
        "major" : 0,
        "minor" : 0
      },
      "repoInfo" : {
        "repoHandle" : "015UBT0Z00000000000N"
      },
      "objectRefs" : [ "6PSsdpWTsGxhvh962Dd1Y7", "kZJ7sU2oMkUdVTXOIlHKa9", "3uqE1vEjnFMcTh3RoE2JSE", "5vLYnaDalhNb5lwBwr8z0j" ],
      "contextAttributes" : [ {
        "name" : "id",
        "value" : "@1"
      } ],
      "additionalInfo" : {
        "description" : "mapping task description",
        "contentType" : "JSON",
        "documentState" : "VALID"
      }
    }
  }, {
    "objectGuid" : "igNGttyqGO9gJNfgElbrsx",
    "objectName" : "iics_perf_reg_MappingTask_100_assets_7",
    "objectType" : "MTT",
    "path" : "/Explore/100Mappingtasks",
    "metadata" : {
      "modelVersion" : {
        "major" : 0,
        "minor" : 0
      },
      "repoInfo" : {
        "repoHandle" : "015UBT0Z00000000001T"
      },
      "objectRefs" : [ "6PSsdpWTsGxhvh962Dd1Y7", "kZJ7sU2oMkUdVTXOIlHKa9", "3uqE1vEjnFMcTh3RoE2JSE", "5vLYnaDalhNb5lwBwr8z0j" ],
      "contextAttributes" : [ {
        "name" : "id",
        "value" : "@1"
      } ],
      "additionalInfo" : {
        "description" : "mapping task description",
        "contentType" : "JSON",
        "documentState" : "VALID"
      }
    }
  }, {
    "objectGuid" : "aYzlLDGOXQ1egJR649oJyu",
    "objectName" : "iics_perf_reg_MappingTask_100_assets_9",
    "objectType" : "MTT",
    "path" : "/Explore/100Mappingtasks",
    "metadata" : {
      "modelVersion" : {
        "major" : 0,
        "minor" : 0
      },
      "repoInfo" : {
        "repoHandle" : "015UBT0Z00000000002D"
      },
      "objectRefs" : [ "6PSsdpWTsGxhvh962Dd1Y7", "kZJ7sU2oMkUdVTXOIlHKa9", "3uqE1vEjnFMcTh3RoE2JSE", "5vLYnaDalhNb5lwBwr8z0j" ],
      "contextAttributes" : [ {
        "name" : "id",
        "value" : "@1"
      } ],
      "additionalInfo" : {
        "description" : "mapping task description",
        "contentType" : "JSON",
        "documentState" : "VALID"
      }
    }
  }, {
    "objectGuid" : "cn2LTfe4SE1hOw52c7vyo3",
    "objectName" : "iics_perf_reg_MappingTask_100_assets_35",
    "objectType" : "MTT",
    "path" : "/Explore/100Mappingtasks",
    "metadata" : {
      "modelVersion" : {
        "major" : 0,
        "minor" : 0
      },
      "repoInfo" : {
        "repoHandle" : "015UBT0Z00000000001C"
      },
      "objectRefs" : [ "6PSsdpWTsGxhvh962Dd1Y7", "kZJ7sU2oMkUdVTXOIlHKa9", "3uqE1vEjnFMcTh3RoE2JSE", "5vLYnaDalhNb5lwBwr8z0j" ],
      "contextAttributes" : [ {
        "name" : "id",
        "value" : "@1"
      } ],
      "additionalInfo" : {
        "description" : "mapping task description",
        "contentType" : "JSON",
        "documentState" : "VALID"
      }
    }
  }, {
    "objectGuid" : "2WFL0SzUUKWc7j3X1QerYz",
    "objectName" : "iics_perf_reg_MappingTask_100_assets_42",
    "objectType" : "MTT",
    "path" : "/Explore/100Mappingtasks",
    "metadata" : {
      "modelVersion" : {
        "major" : 0,
        "minor" : 0
      },
      "repoInfo" : {
        "repoHandle" : "015UBT0Z00000000002N"
      },
      "objectRefs" : [ "6PSsdpWTsGxhvh962Dd1Y7", "kZJ7sU2oMkUdVTXOIlHKa9", "3uqE1vEjnFMcTh3RoE2JSE", "5vLYnaDalhNb5lwBwr8z0j" ],
      "contextAttributes" : [ {
        "name" : "id",
        "value" : "@1"
      } ],
      "additionalInfo" : {
        "description" : "mapping task description",
        "contentType" : "JSON",
        "documentState" : "VALID"
      }
    }
  }, {
    "objectGuid" : "289BaMlqQ6zgxi1mifa8Io",
    "objectName" : "iics_perf_reg_MappingTask_100_assets_95",
    "objectType" : "MTT",
    "path" : "/Explore/100Mappingtasks",
    "metadata" : {
      "modelVersion" : {
        "major" : 0,
        "minor" : 0
      },
      "repoInfo" : {
        "repoHandle" : "015UBT0Z00000000001X"
      },
      "objectRefs" : [ "6PSsdpWTsGxhvh962Dd1Y7", "kZJ7sU2oMkUdVTXOIlHKa9", "3uqE1vEjnFMcTh3RoE2JSE", "5vLYnaDalhNb5lwBwr8z0j" ],
      "contextAttributes" : [ {
        "name" : "id",
        "value" : "@1"
      } ],
      "additionalInfo" : {
        "description" : "mapping task description",
        "contentType" : "JSON",
        "documentState" : "VALID"
      }
    }
  }, {
    "objectGuid" : "18tj2VqSDp9kws9a0fFo4y",
    "objectName" : "iics_perf_reg_MappingTask_100_assets_87",
    "objectType" : "MTT",
    "path" : "/Explore/100Mappingtasks",
    "metadata" : {
      "modelVersion" : {
        "major" : 0,
        "minor" : 0
      },
      "repoInfo" : {
        "repoHandle" : "015UBT0Z00000000000L"
      },
      "objectRefs" : [ "6PSsdpWTsGxhvh962Dd1Y7", "kZJ7sU2oMkUdVTXOIlHKa9", "3uqE1vEjnFMcTh3RoE2JSE", "5vLYnaDalhNb5lwBwr8z0j" ],
      "contextAttributes" : [ {
        "name" : "id",
        "value" : "@1"
      } ],
      "additionalInfo" : {
        "description" : "mapping task description",
        "contentType" : "JSON",
        "documentState" : "VALID"
      }
    }
  }, {
    "objectGuid" : "aSlu9rUFiw8cZ5KiX0L1Mi",
    "objectName" : "iics_perf_reg_MappingTask_100_assets_53",
    "objectType" : "MTT",
    "path" : "/Explore/100Mappingtasks",
    "metadata" : {
      "modelVersion" : {
        "major" : 0,
        "minor" : 0
      },
      "repoInfo" : {
        "repoHandle" : "015UBT0Z00000000002F"
      },
      "objectRefs" : [ "6PSsdpWTsGxhvh962Dd1Y7", "kZJ7sU2oMkUdVTXOIlHKa9", "3uqE1vEjnFMcTh3RoE2JSE", "5vLYnaDalhNb5lwBwr8z0j" ],
      "contextAttributes" : [ {
        "name" : "id",
        "value" : "@1"
      } ],
      "additionalInfo" : {
        "description" : "mapping task description",
        "contentType" : "JSON",
        "documentState" : "VALID"
      }
    }
  }, {
    "objectGuid" : "2klGxfvCmtEdif40rsnuSC",
    "objectName" : "iics_perf_reg_MappingTask_100_assets_40",
    "objectType" : "MTT",
    "path" : "/Explore/100Mappingtasks",
    "metadata" : {
      "modelVersion" : {
        "major" : 0,
        "minor" : 0
      },
      "repoInfo" : {
        "repoHandle" : "015UBT0Z00000000001S"
      },
      "objectRefs" : [ "6PSsdpWTsGxhvh962Dd1Y7", "kZJ7sU2oMkUdVTXOIlHKa9", "3uqE1vEjnFMcTh3RoE2JSE", "5vLYnaDalhNb5lwBwr8z0j" ],
      "contextAttributes" : [ {
        "name" : "id",
        "value" : "@1"
      } ],
      "additionalInfo" : {
        "description" : "mapping task description",
        "contentType" : "JSON",
        "documentState" : "VALID"
      }
    }
  }, {
    "objectGuid" : "0ZrOFxIyWxNfkUaIEclF0L",
    "objectName" : "iics_perf_reg_MappingTask_100_assets_66",
    "objectType" : "MTT",
    "path" : "/Explore/100Mappingtasks",
    "metadata" : {
      "modelVersion" : {
        "major" : 0,
        "minor" : 0
      },
      "repoInfo" : {
        "repoHandle" : "015UBT0Z00000000002R"
      },
      "objectRefs" : [ "6PSsdpWTsGxhvh962Dd1Y7", "kZJ7sU2oMkUdVTXOIlHKa9", "3uqE1vEjnFMcTh3RoE2JSE", "5vLYnaDalhNb5lwBwr8z0j" ],
      "contextAttributes" : [ {
        "name" : "id",
        "value" : "@1"
      } ],
      "additionalInfo" : {
        "description" : "mapping task description",
        "contentType" : "JSON",
        "documentState" : "VALID"
      }
    }
  }, {
    "objectGuid" : "01EtA1GFiScfxT4Sc20MkG",
    "objectName" : "iics_perf_reg_MappingTask_100_assets_5",
    "objectType" : "MTT",
    "path" : "/Explore/100Mappingtasks",
    "metadata" : {
      "modelVersion" : {
        "major" : 0,
        "minor" : 0
      },
      "repoInfo" : {
        "repoHandle" : "015UBT0Z00000000002O"
      },
      "objectRefs" : [ "6PSsdpWTsGxhvh962Dd1Y7", "kZJ7sU2oMkUdVTXOIlHKa9", "3uqE1vEjnFMcTh3RoE2JSE", "5vLYnaDalhNb5lwBwr8z0j" ],
      "contextAttributes" : [ {
        "name" : "id",
        "value" : "@1"
      } ],
      "additionalInfo" : {
        "description" : "mapping task description",
        "contentType" : "JSON",
        "documentState" : "VALID"
      }
    }
  }, {
    "objectGuid" : "b9AFzNnFww5bEq9d1W546B",
    "objectName" : "iics_perf_reg_MappingTask_100_assets_63",
    "objectType" : "MTT",
    "path" : "/Explore/100Mappingtasks",
    "metadata" : {
      "modelVersion" : {
        "major" : 0,
        "minor" : 0
      },
      "repoInfo" : {
        "repoHandle" : "015UBT0Z00000000002E"
      },
      "objectRefs" : [ "6PSsdpWTsGxhvh962Dd1Y7", "kZJ7sU2oMkUdVTXOIlHKa9", "3uqE1vEjnFMcTh3RoE2JSE", "5vLYnaDalhNb5lwBwr8z0j" ],
      "contextAttributes" : [ {
        "name" : "id",
        "value" : "@1"
      } ],
      "additionalInfo" : {
        "description" : "mapping task description",
        "contentType" : "JSON",
        "documentState" : "VALID"
      }
    }
  }, {
    "objectGuid" : "3LtP948ZUHecwlHOp3Abck",
    "objectName" : "iics_perf_reg_MappingTask_100_assets_24",
    "objectType" : "MTT",
    "path" : "/Explore/100Mappingtasks",
    "metadata" : {
      "modelVersion" : {
        "major" : 0,
        "minor" : 0
      },
      "repoInfo" : {
        "repoHandle" : "015UBT0Z00000000000Z"
      },
      "objectRefs" : [ "6PSsdpWTsGxhvh962Dd1Y7", "kZJ7sU2oMkUdVTXOIlHKa9", "3uqE1vEjnFMcTh3RoE2JSE", "5vLYnaDalhNb5lwBwr8z0j" ],
      "contextAttributes" : [ {
        "name" : "id",
        "value" : "@1"
      } ],
      "additionalInfo" : {
        "description" : "mapping task description",
        "contentType" : "JSON",
        "documentState" : "VALID"
      }
    }
  }, {
    "objectGuid" : "4KgO7lKDcoSiUZGnINiq6d",
    "objectName" : "iics_perf_reg_MappingTask_100_assets_13",
    "objectType" : "MTT",
    "path" : "/Explore/100Mappingtasks",
    "metadata" : {
      "modelVersion" : {
        "major" : 0,
        "minor" : 0
      },
      "repoInfo" : {
        "repoHandle" : "015UBT0Z00000000001H"
      },
      "objectRefs" : [ "6PSsdpWTsGxhvh962Dd1Y7", "kZJ7sU2oMkUdVTXOIlHKa9", "3uqE1vEjnFMcTh3RoE2JSE", "5vLYnaDalhNb5lwBwr8z0j" ],
      "contextAttributes" : [ {
        "name" : "id",
        "value" : "@1"
      } ],
      "additionalInfo" : {
        "description" : "mapping task description",
        "contentType" : "JSON",
        "documentState" : "VALID"
      }
    }
  }, {
    "objectGuid" : "5Rn26eOWkQ2lWK9Tja0Y2Y",
    "objectName" : "iics_perf_reg_MappingTask_100_assets_74",
    "objectType" : "MTT",
    "path" : "/Explore/100Mappingtasks",
    "metadata" : {
      "modelVersion" : {
        "major" : 0,
        "minor" : 0
      },
      "repoInfo" : {
        "repoHandle" : "015UBT0Z00000000000Q"
      },
      "objectRefs" : [ "6PSsdpWTsGxhvh962Dd1Y7", "kZJ7sU2oMkUdVTXOIlHKa9", "3uqE1vEjnFMcTh3RoE2JSE", "5vLYnaDalhNb5lwBwr8z0j" ],
      "contextAttributes" : [ {
        "name" : "id",
        "value" : "@1"
      } ],
      "additionalInfo" : {
        "description" : "mapping task description",
        "contentType" : "JSON",
        "documentState" : "VALID"
      }
    }
  }, {
    "objectGuid" : "5QlwGYKr1UlcIJfNuENy2d",
    "objectName" : "iics_perf_reg_MappingTask_100_assets_75",
    "objectType" : "MTT",
    "path" : "/Explore/100Mappingtasks",
    "metadata" : {
      "modelVersion" : {
        "major" : 0,
        "minor" : 0
      },
      "repoInfo" : {
        "repoHandle" : "015UBT0Z000000000028"
      },
      "objectRefs" : [ "6PSsdpWTsGxhvh962Dd1Y7", "kZJ7sU2oMkUdVTXOIlHKa9", "3uqE1vEjnFMcTh3RoE2JSE", "5vLYnaDalhNb5lwBwr8z0j" ],
      "contextAttributes" : [ {
        "name" : "id",
        "value" : "@1"
      } ],
      "additionalInfo" : {
        "description" : "mapping task description",
        "contentType" : "JSON",
        "documentState" : "VALID"
      }
    }
  }, {
    "objectGuid" : "3zVzbqWlN43lAo2tKy3iCB",
    "objectName" : "iics_perf_reg_MappingTask_100_assets_52",
    "objectType" : "MTT",
    "path" : "/Explore/100Mappingtasks",
    "metadata" : {
      "modelVersion" : {
        "major" : 0,
        "minor" : 0
      },
      "repoInfo" : {
        "repoHandle" : "015UBT0Z00000000000D"
      },
      "objectRefs" : [ "6PSsdpWTsGxhvh962Dd1Y7", "kZJ7sU2oMkUdVTXOIlHKa9", "3uqE1vEjnFMcTh3RoE2JSE", "5vLYnaDalhNb5lwBwr8z0j" ],
      "contextAttributes" : [ {
        "name" : "id",
        "value" : "@1"
      } ],
      "additionalInfo" : {
        "description" : "mapping task description",
        "contentType" : "JSON",
        "documentState" : "VALID"
      }
    }
  }, {
    "objectGuid" : "8ZOsAwL7bXheMJBDmYcBGK",
    "objectName" : "iics_perf_reg_MappingTask_100_assets_58",
    "objectType" : "MTT",
    "path" : "/Explore/100Mappingtasks",
    "metadata" : {
      "modelVersion" : {
        "major" : 0,
        "minor" : 0
      },
      "repoInfo" : {
        "repoHandle" : "015UBT0Z00000000000H"
      },
      "objectRefs" : [ "6PSsdpWTsGxhvh962Dd1Y7", "kZJ7sU2oMkUdVTXOIlHKa9", "3uqE1vEjnFMcTh3RoE2JSE", "5vLYnaDalhNb5lwBwr8z0j" ],
      "contextAttributes" : [ {
        "name" : "id",
        "value" : "@1"
      } ],
      "additionalInfo" : {
        "description" : "mapping task description",
        "contentType" : "JSON",
        "documentState" : "VALID"
      }
    }
  }, {
    "objectGuid" : "6RdkRxrGGXMgBsB9MVnQqV",
    "objectName" : "iics_perf_reg_MappingTask_100_assets_77",
    "objectType" : "MTT",
    "path" : "/Explore/100Mappingtasks",
    "metadata" : {
      "modelVersion" : {
        "major" : 0,
        "minor" : 0
      },
      "repoInfo" : {
        "repoHandle" : "015UBT0Z000000000010"
      },
      "objectRefs" : [ "6PSsdpWTsGxhvh962Dd1Y7", "kZJ7sU2oMkUdVTXOIlHKa9", "3uqE1vEjnFMcTh3RoE2JSE", "5vLYnaDalhNb5lwBwr8z0j" ],
      "contextAttributes" : [ {
        "name" : "id",
        "value" : "@1"
      } ],
      "additionalInfo" : {
        "description" : "mapping task description",
        "contentType" : "JSON",
        "documentState" : "VALID"
      }
    }
  }, {
    "objectGuid" : "6cSr3XzXFunhStV5EiItyg",
    "objectName" : "iics_perf_reg_MappingTask_100_assets_67",
    "objectType" : "MTT",
    "path" : "/Explore/100Mappingtasks",
    "metadata" : {
      "modelVersion" : {
        "major" : 0,
        "minor" : 0
      },
      "repoInfo" : {
        "repoHandle" : "015UBT0Z000000000013"
      },
      "objectRefs" : [ "6PSsdpWTsGxhvh962Dd1Y7", "kZJ7sU2oMkUdVTXOIlHKa9", "3uqE1vEjnFMcTh3RoE2JSE", "5vLYnaDalhNb5lwBwr8z0j" ],
      "contextAttributes" : [ {
        "name" : "id",
        "value" : "@1"
      } ],
      "additionalInfo" : {
        "description" : "mapping task description",
        "contentType" : "JSON",
        "documentState" : "VALID"
      }
    }
  }, {
    "objectGuid" : "gBQEapW3WaRcs4BqZa4DMb",
    "objectName" : "iics_perf_reg_MappingTask_100_assets_50",
    "objectType" : "MTT",
    "path" : "/Explore/100Mappingtasks",
    "metadata" : {
      "modelVersion" : {
        "major" : 0,
        "minor" : 0
      },
      "repoInfo" : {
        "repoHandle" : "015UBT0Z000000000015"
      },
      "objectRefs" : [ "6PSsdpWTsGxhvh962Dd1Y7", "kZJ7sU2oMkUdVTXOIlHKa9", "3uqE1vEjnFMcTh3RoE2JSE", "5vLYnaDalhNb5lwBwr8z0j" ],
      "contextAttributes" : [ {
        "name" : "id",
        "value" : "@1"
      } ],
      "additionalInfo" : {
        "description" : "mapping task description",
        "contentType" : "JSON",
        "documentState" : "VALID"
      }
    }
  }, {
    "objectGuid" : "5f4Ccx6yBDRgDadj0lmJAA",
    "objectName" : "iics_perf_reg_MappingTask_100_assets_56",
    "objectType" : "MTT",
    "path" : "/Explore/100Mappingtasks",
    "metadata" : {
      "modelVersion" : {
        "major" : 0,
        "minor" : 0
      },
      "repoInfo" : {
        "repoHandle" : "015UBT0Z00000000002S"
      },
      "objectRefs" : [ "6PSsdpWTsGxhvh962Dd1Y7", "kZJ7sU2oMkUdVTXOIlHKa9", "3uqE1vEjnFMcTh3RoE2JSE", "5vLYnaDalhNb5lwBwr8z0j" ],
      "contextAttributes" : [ {
        "name" : "id",
        "value" : "@1"
      } ],
      "additionalInfo" : {
        "description" : "mapping task description",
        "contentType" : "JSON",
        "documentState" : "VALID"
      }
    }
  }, {
    "objectGuid" : "0AAy4KdSXWlg5UtNiY6okv",
    "objectName" : "iics_perf_reg_MappingTask_100_assets_90",
    "objectType" : "MTT",
    "path" : "/Explore/100Mappingtasks",
    "metadata" : {
      "modelVersion" : {
        "major" : 0,
        "minor" : 0
      },
      "repoInfo" : {
        "repoHandle" : "015UBT0Z00000000002K"
      },
      "objectRefs" : [ "6PSsdpWTsGxhvh962Dd1Y7", "kZJ7sU2oMkUdVTXOIlHKa9", "3uqE1vEjnFMcTh3RoE2JSE", "5vLYnaDalhNb5lwBwr8z0j" ],
      "contextAttributes" : [ {
        "name" : "id",
        "value" : "@1"
      } ],
      "additionalInfo" : {
        "description" : "mapping task description",
        "contentType" : "JSON",
        "documentState" : "VALID"
      }
    }
  }, {
    "objectGuid" : "aowxQkRXbqIdISFR446xGB",
    "objectName" : "iics_perf_reg_MappingTask_100_assets_55",
    "objectType" : "MTT",
    "path" : "/Explore/100Mappingtasks",
    "metadata" : {
      "modelVersion" : {
        "major" : 0,
        "minor" : 0
      },
      "repoInfo" : {
        "repoHandle" : "015UBT0Z00000000000I"
      },
      "objectRefs" : [ "6PSsdpWTsGxhvh962Dd1Y7", "kZJ7sU2oMkUdVTXOIlHKa9", "3uqE1vEjnFMcTh3RoE2JSE", "5vLYnaDalhNb5lwBwr8z0j" ],
      "contextAttributes" : [ {
        "name" : "id",
        "value" : "@1"
      } ],
      "additionalInfo" : {
        "description" : "mapping task description",
        "contentType" : "JSON",
        "documentState" : "VALID"
      }
    }
  }, {
    "objectGuid" : "8OHDq9nHzacdvNFGTK9dEp",
    "objectName" : "iics_perf_reg_MappingTask_100_assets_18",
    "objectType" : "MTT",
    "path" : "/Explore/100Mappingtasks",
    "metadata" : {
      "modelVersion" : {
        "major" : 0,
        "minor" : 0
      },
      "repoInfo" : {
        "repoHandle" : "015UBT0Z00000000002Q"
      },
      "objectRefs" : [ "6PSsdpWTsGxhvh962Dd1Y7", "kZJ7sU2oMkUdVTXOIlHKa9", "3uqE1vEjnFMcTh3RoE2JSE", "5vLYnaDalhNb5lwBwr8z0j" ],
      "contextAttributes" : [ {
        "name" : "id",
        "value" : "@1"
      } ],
      "additionalInfo" : {
        "description" : "mapping task description",
        "contentType" : "JSON",
        "documentState" : "VALID"
      }
    }
  }, {
    "objectGuid" : "7eklKlWmmENlJwm4OHzBEa",
    "objectName" : "iics_perf_reg_MappingTask_100_assets_97",
    "objectType" : "MTT",
    "path" : "/Explore/100Mappingtasks",
    "metadata" : {
      "modelVersion" : {
        "major" : 0,
        "minor" : 0
      },
      "repoInfo" : {
        "repoHandle" : "015UBT0Z000000000025"
      },
      "objectRefs" : [ "6PSsdpWTsGxhvh962Dd1Y7", "kZJ7sU2oMkUdVTXOIlHKa9", "3uqE1vEjnFMcTh3RoE2JSE", "5vLYnaDalhNb5lwBwr8z0j" ],
      "contextAttributes" : [ {
        "name" : "id",
        "value" : "@1"
      } ],
      "additionalInfo" : {
        "description" : "mapping task description",
        "contentType" : "JSON",
        "documentState" : "VALID"
      }
    }
  }, {
    "objectGuid" : "0UkiCxL9q9OhfRKg7JIdgY",
    "objectName" : "iics_perf_reg_MappingTask_100_assets_93",
    "objectType" : "MTT",
    "path" : "/Explore/100Mappingtasks",
    "metadata" : {
      "modelVersion" : {
        "major" : 0,
        "minor" : 0
      },
      "repoInfo" : {
        "repoHandle" : "015UBT0Z00000000000O"
      },
      "objectRefs" : [ "6PSsdpWTsGxhvh962Dd1Y7", "kZJ7sU2oMkUdVTXOIlHKa9", "3uqE1vEjnFMcTh3RoE2JSE", "5vLYnaDalhNb5lwBwr8z0j" ],
      "contextAttributes" : [ {
        "name" : "id",
        "value" : "@1"
      } ],
      "additionalInfo" : {
        "description" : "mapping task description",
        "contentType" : "JSON",
        "documentState" : "VALID"
      }
    }
  }, {
    "objectGuid" : "8CCaTYHaGo1k2ylDBIAGww",
    "objectName" : "iics_perf_reg_MappingTask_100_assets_1",
    "objectType" : "MTT",
    "path" : "/Explore/100Mappingtasks",
    "metadata" : {
      "modelVersion" : {
        "major" : 0,
        "minor" : 0
      },
      "repoInfo" : {
        "repoHandle" : "015UBT0Z00000000002B"
      },
      "objectRefs" : [ "6PSsdpWTsGxhvh962Dd1Y7", "kZJ7sU2oMkUdVTXOIlHKa9", "3uqE1vEjnFMcTh3RoE2JSE", "5vLYnaDalhNb5lwBwr8z0j" ],
      "contextAttributes" : [ {
        "name" : "id",
        "value" : "@1"
      } ],
      "additionalInfo" : {
        "description" : "mapping task description",
        "contentType" : "JSON",
        "documentState" : "VALID"
      }
    }
  }, {
    "objectGuid" : "0WSzIjojjEnf3dR3jCvG4u",
    "objectName" : "Default",
    "objectType" : "Project",
    "path" : "/Explore",
    "metadata" : {
      "modelVersion" : {
        "major" : 0,
        "minor" : 0
      },
      "repoInfo" : null,
      "objectRefs" : [ ],
      "contextAttributes" : [ {
        "name" : "IS_DEF_LOC",
        "value" : "true"
      } ],
      "additionalInfo" : {
        "description" : "Auto-generated Default Project",
        "contentType" : null,
        "documentState" : "COMPLETE"
      }
    }
  }, {
    "objectGuid" : "ahLkPaLvlgagMSCaoVB7at",
    "objectName" : "iics_perf_reg_MappingTask_100_assets_6",
    "objectType" : "MTT",
    "path" : "/Explore/100Mappingtasks",
    "metadata" : {
      "modelVersion" : {
        "major" : 0,
        "minor" : 0
      },
      "repoInfo" : {
        "repoHandle" : "015UBT0Z00000000002I"
      },
      "objectRefs" : [ "6PSsdpWTsGxhvh962Dd1Y7", "kZJ7sU2oMkUdVTXOIlHKa9", "3uqE1vEjnFMcTh3RoE2JSE", "5vLYnaDalhNb5lwBwr8z0j" ],
      "contextAttributes" : [ {
        "name" : "id",
        "value" : "@1"
      } ],
      "additionalInfo" : {
        "description" : "mapping task description",
        "contentType" : "JSON",
        "documentState" : "VALID"
      }
    }
  }, {
    "objectGuid" : "06E4TP5QL3Lend6yhks1UT",
    "objectName" : "iics_perf_reg_MappingTask_100_assets_99",
    "objectType" : "MTT",
    "path" : "/Explore/100Mappingtasks",
    "metadata" : {
      "modelVersion" : {
        "major" : 0,
        "minor" : 0
      },
      "repoInfo" : {
        "repoHandle" : "015UBT0Z00000000000B"
      },
      "objectRefs" : [ "6PSsdpWTsGxhvh962Dd1Y7", "kZJ7sU2oMkUdVTXOIlHKa9", "3uqE1vEjnFMcTh3RoE2JSE", "5vLYnaDalhNb5lwBwr8z0j" ],
      "contextAttributes" : [ {
        "name" : "id",
        "value" : "@1"
      } ],
      "additionalInfo" : {
        "description" : "mapping task description",
        "contentType" : "JSON",
        "documentState" : "VALID"
      }
    }
  }, {
    "objectGuid" : "2SGX1G1mtVjlrCLu81Ss2C",
    "objectName" : "iics_perf_reg_MappingTask_100_assets_80",
    "objectType" : "MTT",
    "path" : "/Explore/100Mappingtasks",
    "metadata" : {
      "modelVersion" : {
        "major" : 0,
        "minor" : 0
      },
      "repoInfo" : {
        "repoHandle" : "015UBT0Z00000000001I"
      },
      "objectRefs" : [ "6PSsdpWTsGxhvh962Dd1Y7", "kZJ7sU2oMkUdVTXOIlHKa9", "3uqE1vEjnFMcTh3RoE2JSE", "5vLYnaDalhNb5lwBwr8z0j" ],
      "contextAttributes" : [ {
        "name" : "id",
        "value" : "@1"
      } ],
      "additionalInfo" : {
        "description" : "mapping task description",
        "contentType" : "JSON",
        "documentState" : "VALID"
      }
    }
  }, {
    "objectGuid" : "3M8yAyZZEwvjhQODQzWmAa",
    "objectName" : "iics_perf_reg_MappingTask_100_assets_26",
    "objectType" : "MTT",
    "path" : "/Explore/100Mappingtasks",
    "metadata" : {
      "modelVersion" : {
        "major" : 0,
        "minor" : 0
      },
      "repoInfo" : {
        "repoHandle" : "015UBT0Z000000000022"
      },
      "objectRefs" : [ "6PSsdpWTsGxhvh962Dd1Y7", "kZJ7sU2oMkUdVTXOIlHKa9", "3uqE1vEjnFMcTh3RoE2JSE", "5vLYnaDalhNb5lwBwr8z0j" ],
      "contextAttributes" : [ {
        "name" : "id",
        "value" : "@1"
      } ],
      "additionalInfo" : {
        "description" : "mapping task description",
        "contentType" : "JSON",
        "documentState" : "VALID"
      }
    }
  }, {
    "objectGuid" : "cn7ZuMC8hsJdn2G7i1zUQa",
    "objectName" : "iics_perf_reg_MappingTask_100_assets_88",
    "objectType" : "MTT",
    "path" : "/Explore/100Mappingtasks",
    "metadata" : {
      "modelVersion" : {
        "major" : 0,
        "minor" : 0
      },
      "repoInfo" : {
        "repoHandle" : "015UBT0Z00000000000U"
      },
      "objectRefs" : [ "6PSsdpWTsGxhvh962Dd1Y7", "kZJ7sU2oMkUdVTXOIlHKa9", "3uqE1vEjnFMcTh3RoE2JSE", "5vLYnaDalhNb5lwBwr8z0j" ],
      "contextAttributes" : [ {
        "name" : "id",
        "value" : "@1"
      } ],
      "additionalInfo" : {
        "description" : "mapping task description",
        "contentType" : "JSON",
        "documentState" : "VALID"
      }
    }
  }, {
    "objectGuid" : "5OZlj50YbHRlY8EoXjPgAU",
    "objectName" : "iics_perf_reg_MappingTask_100_assets_12",
    "objectType" : "MTT",
    "path" : "/Explore/100Mappingtasks",
    "metadata" : {
      "modelVersion" : {
        "major" : 0,
        "minor" : 0
      },
      "repoInfo" : {
        "repoHandle" : "015UBT0Z000000000019"
      },
      "objectRefs" : [ "6PSsdpWTsGxhvh962Dd1Y7", "kZJ7sU2oMkUdVTXOIlHKa9", "3uqE1vEjnFMcTh3RoE2JSE", "5vLYnaDalhNb5lwBwr8z0j" ],
      "contextAttributes" : [ {
        "name" : "id",
        "value" : "@1"
      } ],
      "additionalInfo" : {
        "description" : "mapping task description",
        "contentType" : "JSON",
        "documentState" : "VALID"
      }
    }
  }, {
    "objectGuid" : "2JyEG9Bw6qucNelJWOXCaB",
    "objectName" : "iics_perf_reg_MappingTask_100_assets_78",
    "objectType" : "MTT",
    "path" : "/Explore/100Mappingtasks",
    "metadata" : {
      "modelVersion" : {
        "major" : 0,
        "minor" : 0
      },
      "repoInfo" : {
        "repoHandle" : "015UBT0Z00000000001A"
      },
      "objectRefs" : [ "6PSsdpWTsGxhvh962Dd1Y7", "kZJ7sU2oMkUdVTXOIlHKa9", "3uqE1vEjnFMcTh3RoE2JSE", "5vLYnaDalhNb5lwBwr8z0j" ],
      "contextAttributes" : [ {
        "name" : "id",
        "value" : "@1"
      } ],
      "additionalInfo" : {
        "description" : "mapping task description",
        "contentType" : "JSON",
        "documentState" : "VALID"
      }
    }
  }, {
    "objectGuid" : "73OQx33ZTzogCpmK5CJSEV",
    "objectName" : "iics_perf_reg_MappingTask_100_assets_61",
    "objectType" : "MTT",
    "path" : "/Explore/100Mappingtasks",
    "metadata" : {
      "modelVersion" : {
        "major" : 0,
        "minor" : 0
      },
      "repoInfo" : {
        "repoHandle" : "015UBT0Z00000000001K"
      },
      "objectRefs" : [ "6PSsdpWTsGxhvh962Dd1Y7", "kZJ7sU2oMkUdVTXOIlHKa9", "3uqE1vEjnFMcTh3RoE2JSE", "5vLYnaDalhNb5lwBwr8z0j" ],
      "contextAttributes" : [ {
        "name" : "id",
        "value" : "@1"
      } ],
      "additionalInfo" : {
        "description" : "mapping task description",
        "contentType" : "JSON",
        "documentState" : "VALID"
      }
    }
  }, {
    "objectGuid" : "biQicf6Ij62f4T9JdGDIGo",
    "objectName" : "iics_perf_reg_MappingTask_100_assets_84",
    "objectType" : "MTT",
    "path" : "/Explore/100Mappingtasks",
    "metadata" : {
      "modelVersion" : {
        "major" : 0,
        "minor" : 0
      },
      "repoInfo" : {
        "repoHandle" : "015UBT0Z00000000001F"
      },
      "objectRefs" : [ "6PSsdpWTsGxhvh962Dd1Y7", "kZJ7sU2oMkUdVTXOIlHKa9", "3uqE1vEjnFMcTh3RoE2JSE", "5vLYnaDalhNb5lwBwr8z0j" ],
      "contextAttributes" : [ {
        "name" : "id",
        "value" : "@1"
      } ],
      "additionalInfo" : {
        "description" : "mapping task description",
        "contentType" : "JSON",
        "documentState" : "VALID"
      }
    }
  }, {
    "objectGuid" : "7txX65j80NFj7k0SamAk6t",
    "objectName" : "iics_perf_reg_MappingTask_100_assets_23",
    "objectType" : "MTT",
    "path" : "/Explore/100Mappingtasks",
    "metadata" : {
      "modelVersion" : {
        "major" : 0,
        "minor" : 0
      },
      "repoInfo" : {
        "repoHandle" : "015UBT0Z00000000000X"
      },
      "objectRefs" : [ "6PSsdpWTsGxhvh962Dd1Y7", "kZJ7sU2oMkUdVTXOIlHKa9", "3uqE1vEjnFMcTh3RoE2JSE", "5vLYnaDalhNb5lwBwr8z0j" ],
      "contextAttributes" : [ {
        "name" : "id",
        "value" : "@1"
      } ],
      "additionalInfo" : {
        "description" : "mapping task description",
        "contentType" : "JSON",
        "documentState" : "VALID"
      }
    }
  }, {
    "objectGuid" : "4BnH0LpFxMFhM0SCRoldsR",
    "objectName" : "100Mappingtasks",
    "objectType" : "Project",
    "path" : "/Explore",
    "metadata" : {
      "modelVersion" : {
        "major" : 0,
        "minor" : 0
      },
      "repoInfo" : null,
      "objectRefs" : [ ],
      "contextAttributes" : [ ],
      "additionalInfo" : {
        "description" : "",
        "contentType" : "Binary",
        "documentState" : "COMPLETE"
      }
    }
  }, {
    "objectGuid" : "7PlHDOlAcKSj9gFHnll3o6",
    "objectName" : "iics_perf_reg_MappingTask_100_assets_71",
    "objectType" : "MTT",
    "path" : "/Explore/100Mappingtasks",
    "metadata" : {
      "modelVersion" : {
        "major" : 0,
        "minor" : 0
      },
      "repoInfo" : {
        "repoHandle" : "015UBT0Z00000000001W"
      },
      "objectRefs" : [ "6PSsdpWTsGxhvh962Dd1Y7", "kZJ7sU2oMkUdVTXOIlHKa9", "3uqE1vEjnFMcTh3RoE2JSE", "5vLYnaDalhNb5lwBwr8z0j" ],
      "contextAttributes" : [ {
        "name" : "id",
        "value" : "@1"
      } ],
      "additionalInfo" : {
        "description" : "mapping task description",
        "contentType" : "JSON",
        "documentState" : "VALID"
      }
    }
  }, {
    "objectGuid" : "58RzeqnetfMkuEae198MKj",
    "objectName" : "iics_perf_reg_MappingTask_100_assets_14",
    "objectType" : "MTT",
    "path" : "/Explore/100Mappingtasks",
    "metadata" : {
      "modelVersion" : {
        "major" : 0,
        "minor" : 0
      },
      "repoInfo" : {
        "repoHandle" : "015UBT0Z000000000024"
      },
      "objectRefs" : [ "6PSsdpWTsGxhvh962Dd1Y7", "kZJ7sU2oMkUdVTXOIlHKa9", "3uqE1vEjnFMcTh3RoE2JSE", "5vLYnaDalhNb5lwBwr8z0j" ],
      "contextAttributes" : [ {
        "name" : "id",
        "value" : "@1"
      } ],
      "additionalInfo" : {
        "description" : "mapping task description",
        "contentType" : "JSON",
        "documentState" : "VALID"
      }
    }
  }, {
    "objectGuid" : "4NVBNjGD4ugjkJua44yCEG",
    "objectName" : "iics_perf_reg_MappingTask_100_assets_17",
    "objectType" : "MTT",
    "path" : "/Explore/100Mappingtasks",
    "metadata" : {
      "modelVersion" : {
        "major" : 0,
        "minor" : 0
      },
      "repoInfo" : {
        "repoHandle" : "015UBT0Z000000000029"
      },
      "objectRefs" : [ "6PSsdpWTsGxhvh962Dd1Y7", "kZJ7sU2oMkUdVTXOIlHKa9", "3uqE1vEjnFMcTh3RoE2JSE", "5vLYnaDalhNb5lwBwr8z0j" ],
      "contextAttributes" : [ {
        "name" : "id",
        "value" : "@1"
      } ],
      "additionalInfo" : {
        "description" : "mapping task description",
        "contentType" : "JSON",
        "documentState" : "VALID"
      }
    }
  }, {
    "objectGuid" : "7nvNkMSANRac3HEgQcjYoJ",
    "objectName" : "iics_perf_reg_MappingTask_100_assets_92",
    "objectType" : "MTT",
    "path" : "/Explore/100Mappingtasks",
    "metadata" : {
      "modelVersion" : {
        "major" : 0,
        "minor" : 0
      },
      "repoInfo" : {
        "repoHandle" : "015UBT0Z00000000000A"
      },
      "objectRefs" : [ "6PSsdpWTsGxhvh962Dd1Y7", "kZJ7sU2oMkUdVTXOIlHKa9", "3uqE1vEjnFMcTh3RoE2JSE", "5vLYnaDalhNb5lwBwr8z0j" ],
      "contextAttributes" : [ {
        "name" : "id",
        "value" : "@1"
      } ],
      "additionalInfo" : {
        "description" : "mapping task description",
        "contentType" : "JSON",
        "documentState" : "VALID"
      }
    }
  }, {
    "objectGuid" : "kDJHaxctgA9g3Ykwnr6g87",
    "objectName" : "iics_perf_reg_MappingTask_100_assets_4",
    "objectType" : "MTT",
    "path" : "/Explore/100Mappingtasks",
    "metadata" : {
      "modelVersion" : {
        "major" : 0,
        "minor" : 0
      },
      "repoInfo" : {
        "repoHandle" : "015UBT0Z00000000000V"
      },
      "objectRefs" : [ "6PSsdpWTsGxhvh962Dd1Y7", "kZJ7sU2oMkUdVTXOIlHKa9", "3uqE1vEjnFMcTh3RoE2JSE", "5vLYnaDalhNb5lwBwr8z0j" ],
      "contextAttributes" : [ {
        "name" : "id",
        "value" : "@1"
      } ],
      "additionalInfo" : {
        "description" : "mapping task description",
        "contentType" : "JSON",
        "documentState" : "VALID"
      }
    }
  }, {
    "objectGuid" : "4GMWma1rCrrenZ2axZLvU4",
    "objectName" : "iics_perf_reg_MappingTask_100_assets_68",
    "objectType" : "MTT",
    "path" : "/Explore/100Mappingtasks",
    "metadata" : {
      "modelVersion" : {
        "major" : 0,
        "minor" : 0
      },
      "repoInfo" : {
        "repoHandle" : "015UBT0Z000000000005"
      },
      "objectRefs" : [ "6PSsdpWTsGxhvh962Dd1Y7", "kZJ7sU2oMkUdVTXOIlHKa9", "3uqE1vEjnFMcTh3RoE2JSE", "5vLYnaDalhNb5lwBwr8z0j" ],
      "contextAttributes" : [ {
        "name" : "id",
        "value" : "@1"
      } ],
      "additionalInfo" : {
        "description" : "mapping task description",
        "contentType" : "JSON",
        "documentState" : "VALID"
      }
    }
  }, {
    "objectGuid" : "icGubZ3AOijg8CHn6VBHOQ",
    "objectName" : "iics_perf_reg_MappingTask_100_assets_8",
    "objectType" : "MTT",
    "path" : "/Explore/100Mappingtasks",
    "metadata" : {
      "modelVersion" : {
        "major" : 0,
        "minor" : 0
      },
      "repoInfo" : {
        "repoHandle" : "015UBT0Z00000000002H"
      },
      "objectRefs" : [ "6PSsdpWTsGxhvh962Dd1Y7", "kZJ7sU2oMkUdVTXOIlHKa9", "3uqE1vEjnFMcTh3RoE2JSE", "5vLYnaDalhNb5lwBwr8z0j" ],
      "contextAttributes" : [ {
        "name" : "id",
        "value" : "@1"
      } ],
      "additionalInfo" : {
        "description" : "mapping task description",
        "contentType" : "JSON",
        "documentState" : "VALID"
      }
    }
  }, {
    "objectGuid" : "a0Js6HR7BOpkrKQLM2JToD",
    "objectName" : "iics_perf_reg_MappingTask_100_assets_31",
    "objectType" : "MTT",
    "path" : "/Explore/100Mappingtasks",
    "metadata" : {
      "modelVersion" : {
        "major" : 0,
        "minor" : 0
      },
      "repoInfo" : {
        "repoHandle" : "015UBT0Z000000000023"
      },
      "objectRefs" : [ "6PSsdpWTsGxhvh962Dd1Y7", "kZJ7sU2oMkUdVTXOIlHKa9", "3uqE1vEjnFMcTh3RoE2JSE", "5vLYnaDalhNb5lwBwr8z0j" ],
      "contextAttributes" : [ {
        "name" : "id",
        "value" : "@1"
      } ],
      "additionalInfo" : {
        "description" : "mapping task description",
        "contentType" : "JSON",
        "documentState" : "VALID"
      }
    }
  }, {
    "objectGuid" : "8kIBRcmd6gUiS9Cqc87WYC",
    "objectName" : "iics_perf_reg_MappingTask_100_assets_83",
    "objectType" : "MTT",
    "path" : "/Explore/100Mappingtasks",
    "metadata" : {
      "modelVersion" : {
        "major" : 0,
        "minor" : 0
      },
      "repoInfo" : {
        "repoHandle" : "015UBT0Z00000000002C"
      },
      "objectRefs" : [ "6PSsdpWTsGxhvh962Dd1Y7", "kZJ7sU2oMkUdVTXOIlHKa9", "3uqE1vEjnFMcTh3RoE2JSE", "5vLYnaDalhNb5lwBwr8z0j" ],
      "contextAttributes" : [ {
        "name" : "id",
        "value" : "@1"
      } ],
      "additionalInfo" : {
        "description" : "mapping task description",
        "contentType" : "JSON",
        "documentState" : "VALID"
      }
    }
  }, {
    "objectGuid" : "ddLcTGZ5fsleOPfCwL5HmO",
    "objectName" : "iics_perf_reg_MappingTask_100_assets_64",
    "objectType" : "MTT",
    "path" : "/Explore/100Mappingtasks",
    "metadata" : {
      "modelVersion" : {
        "major" : 0,
        "minor" : 0
      },
      "repoInfo" : {
        "repoHandle" : "015UBT0Z000000000016"
      },
      "objectRefs" : [ "6PSsdpWTsGxhvh962Dd1Y7", "kZJ7sU2oMkUdVTXOIlHKa9", "3uqE1vEjnFMcTh3RoE2JSE", "5vLYnaDalhNb5lwBwr8z0j" ],
      "contextAttributes" : [ {
        "name" : "id",
        "value" : "@1"
      } ],
      "additionalInfo" : {
        "description" : "mapping task description",
        "contentType" : "JSON",
        "documentState" : "VALID"
      }
    }
  }, {
    "objectGuid" : "kqqHskx0SoCducCeqCY1Ad",
    "objectName" : "iics_perf_reg_MappingTask_100_assets_98",
    "objectType" : "MTT",
    "path" : "/Explore/100Mappingtasks",
    "metadata" : {
      "modelVersion" : {
        "major" : 0,
        "minor" : 0
      },
      "repoInfo" : {
        "repoHandle" : "015UBT0Z00000000000P"
      },
      "objectRefs" : [ "6PSsdpWTsGxhvh962Dd1Y7", "kZJ7sU2oMkUdVTXOIlHKa9", "3uqE1vEjnFMcTh3RoE2JSE", "5vLYnaDalhNb5lwBwr8z0j" ],
      "contextAttributes" : [ {
        "name" : "id",
        "value" : "@1"
      } ],
      "additionalInfo" : {
        "description" : "mapping task description",
        "contentType" : "JSON",
        "documentState" : "VALID"
      }
    }
  }, {
    "objectGuid" : "1QwVRMhJTNgcJheCXpOQwm",
    "objectName" : "iics_perf_reg_MappingTask_100_assets_30",
    "objectType" : "MTT",
    "path" : "/Explore/100Mappingtasks",
    "metadata" : {
      "modelVersion" : {
        "major" : 0,
        "minor" : 0
      },
      "repoInfo" : {
        "repoHandle" : "015UBT0Z00000000000F"
      },
      "objectRefs" : [ "6PSsdpWTsGxhvh962Dd1Y7", "kZJ7sU2oMkUdVTXOIlHKa9", "3uqE1vEjnFMcTh3RoE2JSE", "5vLYnaDalhNb5lwBwr8z0j" ],
      "contextAttributes" : [ {
        "name" : "id",
        "value" : "@1"
      } ],
      "additionalInfo" : {
        "description" : "mapping task description",
        "contentType" : "JSON",
        "documentState" : "VALID"
      }
    }
  }, {
    "objectGuid" : "5LhJJ49nGEKlRsGUnTcyUH",
    "objectName" : "iics_perf_reg_MappingTask_100_assets_54",
    "objectType" : "MTT",
    "path" : "/Explore/100Mappingtasks",
    "metadata" : {
      "modelVersion" : {
        "major" : 0,
        "minor" : 0
      },
      "repoInfo" : {
        "repoHandle" : "015UBT0Z000000000002"
      },
      "objectRefs" : [ "6PSsdpWTsGxhvh962Dd1Y7", "kZJ7sU2oMkUdVTXOIlHKa9", "3uqE1vEjnFMcTh3RoE2JSE", "5vLYnaDalhNb5lwBwr8z0j" ],
      "contextAttributes" : [ {
        "name" : "id",
        "value" : "@1"
      } ],
      "additionalInfo" : {
        "description" : "mapping task description",
        "contentType" : "JSON",
        "documentState" : "VALID"
      }
    }
  }, {
    "objectGuid" : "6qPWVUxIkpXk1580MFKB8Z",
    "objectName" : "iics_perf_reg_MappingTask_100_assets_2",
    "objectType" : "MTT",
    "path" : "/Explore/100Mappingtasks",
    "metadata" : {
      "modelVersion" : {
        "major" : 0,
        "minor" : 0
      },
      "repoInfo" : {
        "repoHandle" : "015UBT0Z00000000001L"
      },
      "objectRefs" : [ "6PSsdpWTsGxhvh962Dd1Y7", "kZJ7sU2oMkUdVTXOIlHKa9", "3uqE1vEjnFMcTh3RoE2JSE", "5vLYnaDalhNb5lwBwr8z0j" ],
      "contextAttributes" : [ {
        "name" : "id",
        "value" : "@1"
      } ],
      "additionalInfo" : {
        "description" : "mapping task description",
        "contentType" : "JSON",
        "documentState" : "VALID"
      }
    }
  } ]
}